0.00593479434713667;0.0113296027214204;0.0197419941243363;0.0319135899684751;0.0491010570911751;0.0706847361730188;0.0946031941721071;0.119706911724986;0.144170065944499;0.168926290918258;0.19507835692778;0.221875265897424;0.250652869670988;0.282083168150886;0.316216002488109;0.353515597172309;0.394964307893594;0.42905212231137;0.444164627503353;0.438922634264328;0.429615215324874;0.418322882093184;0.405898019416686;0.392607914583659;0.378638854367046;0.363723438339207;0.348125166287476;0.332142023695194;0.315600917240373;0.298419629535461;0.280617899827021;0.262025427956247;0.242437848900904
0.00765642297456433;0.0137888941661193;0.0231557276554167;0.0366676332500259;0.0553395161193184;0.0779285130262238;0.102456468234464;0.127717683416502;0.152429271919188;0.178329552215567;0.205346201046834;0.233522001450804;0.264179531295101;0.297379367692322;0.333671007532149;0.373668859472691;0.415017853413507;0.44406700531445;0.450741668184323;0.444837166346662;0.435710216582703;0.425050845289292;0.413313072813461;0.400888904621084;0.387694843408236;0.373758111860354;0.359557143403138;0.345070839557529;0.330129749177995;0.314735629294539;0.298724051044881;0.2818585846233;0.26401931930795
0.00940616259871799;0.0162878311549506;0.0266279338612662;0.0415483735959622;0.0615463655931293;0.0849358648398514;0.109964559386389;0.13522322629612;0.16056690036334;0.187516580636148;0.215409841786919;0.24515118858473;0.277396561296785;0.312364783382372;0.350812612587601;0.393095602815669;0.431545399494489;0.453337175629705;0.455394415852438;0.450143156761505;0.441417006474874;0.431422726874118;0.420304755101934;0.408470336412435;0.395911036992961;0.383078633171394;0.370169363164065;0.357090713869989;0.343779128033898;0.330018341163381;0.315489313026;0.300058298414285;0.283741450437592
0.0111739276816087;0.0188282851336499;0.0301850231459243;0.0465173445903731;0.0676614148321017;0.0916815997699295;0.117049061829406;0.142388588360702;0.168616554464063;0.196401245827253;0.22536353122072;0.256627044233665;0.290288691470348;0.327222708590353;0.367801095228749;0.40986302268212;0.44323467973948;0.457044077830623;0.459012716107835;0.454641632617965;0.446856500451345;0.437228573073092;0.426554477780264;0.415094667070278;0.40324481615265;0.391487040287593;0.379832458475556;0.368182468074876;0.356299641416219;0.34377515115089;0.330444426149942;0.316369457658827;0.301575786389995
0.0129696654570003;0.0214115012115004;0.033846643993479;0.0515387869412935;0.0736407703219813;0.0981805991610308;0.123719468263596;0.149368129564364;0.17653435475982;0.205051229560614;0.235223236757389;0.267720170924203;0.302959916315777;0.341650568090887;0.383418084715699;0.423489090600894;0.449190864051017;0.459131494109934;0.46122800854465;0.458220317636367;0.451526612047799;0.442106769928467;0.431703833265308;0.420734101987503;0.409718145930899;0.398986478005907;0.388565945207251;0.378229378963183;0.367533550615501;0.356166185422423;0.344116044707264;0.331431851067089;0.318121649893327
0.014791317967697;0.0240395971867419;0.0376337449327664;0.0565513035760532;0.0794308916703071;0.104394685587626;0.130031291371858;0.156237115612361;0.184229003578739;0.213541291620375;0.244874302571122;0.278525710430039;0.315455636732012;0.355326900122775;0.396975005058957;0.432003702506595;0.451171149926025;0.459603408339949;0.462194603400111;0.460581468182028;0.454719756098464;0.445900738393678;0.435727120262226;0.425342974468786;0.415307337796529;0.40585302901457;0.39685384240916;0.387743428434573;0.378052922990118;0.367708908955751;0.356794300980144;0.34533863570773;0.333302934318244
0.0166458404311129;0.0267152252839328;0.0414988315673096;0.0615299659040788;0.0850344730901181;0.110299716662281;0.136070515652013;0.162999884054532;0.191672444706231;0.221868062771781;0.254206686198254;0.289193478873463;0.327373940553824;0.367763447699362;0.407309443387454;0.435751752583518;0.451197074925408;0.458789642191996;0.461849837800295;0.460995048788159;0.456071339532596;0.448194163999292;0.438655390737209;0.42925830672911;0.420604700663929;0.412619001498974;0.404849679669372;0.396626060245131;0.387768690167689;0.378362042528991;0.368478057724509;0.358083076028653;0.347117730258546
0.0185265617297497;0.0294547534282312;0.0454362998186174;0.0664273645160268;0.090426060299202;0.115905193131356;0.141919995384178;0.169631026015741;0.19892033154735;0.229972370853832;0.263253789742986;0.299551575451355;0.338169217763839;0.377893613824523;0.413557202211655;0.436723568168553;0.449428558624415;0.456723339197212;0.460104159753518;0.45932021102346;0.455264131754754;0.44859926114998;0.440905017648312;0.433134485311749;0.425859478292391;0.419079592162253;0.412124640821419;0.404586773021241;0.396490043014492;0.387966127502159;0.379000901412048;0.36952332561013;0.35948352479455
0.0204453723119424;0.0322687625548036;0.0494003541182659;0.0712022722880237;0.0955924409185338;0.12123516517183;0.147680540609423;0.176072594093578;0.205958282282174;0.2378027917785;0.272090992034337;0.309135658579809;0.347347765880405;0.385653815828755;0.416325526885898;0.435234951870486;0.446396499256683;0.453350252446647;0.456312864697245;0.45573973025306;0.452337816241258;0.447622315150287;0.44228110182384;0.43659489930224;0.430862040708714;0.425002771543054;0.418564750498204;0.41155374952272;0.404138871154976;0.396375700849324;0.388196170846576;0.379517508390298;0.370275674462454
0.0223992116507033;0.0351564386144506;0.0533690255633295;0.0758347718710527;0.100544936201558;0.126329073939435;0.153333677714722;0.182300099138282;0.212787395651197;0.245374064764099;0.280560659405232;0.317458129358861;0.354899597499539;0.390565893212457;0.41637228821862;0.432015401962534;0.442099866773473;0.448277715095897;0.450757145499706;0.450222689164085;0.448210847843349;0.445493730822716;0.442290740683067;0.438706586596367;0.434701764124817;0.429842923133937;0.424041384873864;0.417616660263005;0.410822021598989;0.40367763960872;0.396103574232196;0.388034802457168;0.379466790034801
0.0243843773901866;0.0381182984597982;0.0573117574200069;0.0803120051369546;0.105263233809951;0.131234948643095;0.158859027869754;0.188299542220564;0.219373591478485;0.252692907039206;0.288216263114702;0.324035534950166;0.360729035034677;0.392952610852071;0.414182125139367;0.427433126202712;0.436364228948573;0.441476753030328;0.443412806515125;0.443653854456933;0.443174487444257;0.442186416297272;0.440740531779518;0.438880390549638;0.436287546154046;0.432570215598923;0.427860670409384;0.422426379065181;0.4164272616252;0.409870272587739;0.402783229150341;0.395187855787239;0.387198476878321
0.0264054068253449;0.0411488942976091;0.0612122021304099;0.0846337316567778;0.109783138706025;0.136029201553812;0.164230649709556;0.194072031574206;0.225695011954779;0.25955411657338;0.294517625207802;0.329471064477727;0.364770123977145;0.392345503255675;0.409962104215943;0.421504230397761;0.428995200339764;0.433079115152935;0.435099612446364;0.436362319667182;0.437147880695598;0.437502477781743;0.43746630961352;0.436855322219922;0.435240187327524;0.432596959891434;0.42912052404386;0.424908902626221;0.419937123743117;0.41419827696943;0.407782606924431;0.400823826583662;0.393435002283416
0.0284797892619901;0.0442197787813644;0.0650302071333151;0.0887838417703031;0.114097753097673;0.140737443121071;0.169403418459513;0.199618400026309;0.231743766483023;0.265636165924681;0.299264275038749;0.333928546332087;0.366832319413891;0.389699198606705;0.404309103136861;0.414025947525373;0.420165952820701;0.423714628667769;0.426306941501799;0.428387006546178;0.430059225771099;0.431366998466651;0.432282213744094;0.432401144247199;0.431552947771641;0.429869856995729;0.427456198036985;0.424293599337149;0.420294793642624;0.41551626940093;0.410047261620075;0.403996504000869;0.397333321968358
0.0306023928833139;0.0473020005019177;0.068729341445882;0.0927586616775955;0.118222331215878;0.145329861211855;0.174345291115312;0.204907259718443;0.237358550950448;0.270546210263259;0.302957324547531;0.337257887244755;0.366225308794093;0.385051821142553;0.39713835054785;0.405220521864712;0.41025415139592;0.413979248269531;0.41704161157627;0.41963788995129;0.421846921250645;0.423752882784533;0.425063767857902;0.425549220947805;0.425295837226935;0.424391174457456;0.422784434406106;0.42036647413894;0.417149914670405;0.413229954975724;0.408670145258455;0.403442731568023;0.397521304942516
0.0327768533630243;0.0503801934033148;0.0723178657355755;0.0965775851616867;0.122212654601642;0.149779636242622;0.179043311027683;0.209935658979987;0.242271232979186;0.274047164653114;0.30631570325863;0.338998237600638;0.363264895459789;0.378692276569277;0.388648011045467;0.395261962757871;0.400037349488334;0.403899870361709;0.407184414263817;0.409989275589277;0.412497660122678;0.414575368632588;0.415931672327777;0.416612165093113;0.41671455405003;0.416202852549404;0.414985331041198;0.413021732614107;0.410412427564165;0.407157555084615;0.403238526589938;0.398590139951355;0.393307912095034
0.0350193158392762;0.05343639722173;0.0757834270991478;0.10023185894176;0.126120288981717;0.154066869312684;0.183525895522678;0.214582984117963;0.246125931097;0.276516423996487;0.308887953247543;0.338616375986837;0.358541042274855;0.370871004113647;0.379081139094728;0.384936572458362;0.389545931959992;0.39336437957464;0.396572439471769;0.399420588258444;0.401950223054258;0.403847674595188;0.40511386578144;0.405827490330267;0.40597688649365;0.405464579357316;0.404272671964857;0.402476014134516;0.400097962717535;0.39710155861541;0.393458369119379;0.389210387795679;0.384381082637973
0.0372954658072234;0.0564707823136579;0.079149428301955;0.103743909612923;0.129932725611257;0.158146177206979;0.187759242319418;0.218639125814574;0.24885782849952;0.278699007003493;0.310412194498231;0.335944341695782;0.352042240319902;0.361962814413799;0.36898747770088;0.374381942085207;0.37870595462241;0.382223245497253;0.385226899083767;0.387957181208113;0.390159951775637;0.391734768569115;0.392772715969623;0.393270577259014;0.393137675822839;0.392357748251785;0.390969940391769;0.389036860060342;0.386495631069386;0.383356911094056;0.379647419917493;0.375398090484901;0.370536108878166
0.0396118318427271;0.0594323984557676;0.08237628664315;0.107117686065863;0.133624478600171;0.161983573481134;0.191683438648054;0.221902015431913;0.250623311660814;0.2806262590819;0.310237334941578;0.331226734624424;0.344070992961521;0.352359516408225;0.358652911786374;0.363558369596747;0.367385241538571;0.370466687939721;0.373218819394113;0.37553808934129;0.377225950660687;0.378379801446635;0.378988306623094;0.378986906827672;0.378339196411808;0.377090327405281;0.375275581442336;0.372864588450792;0.369871210483461;0.366322613734101;0.362224137407239;0.357505316069048;0.352150618065424
0.0419541162880886;0.0623174264456309;0.0854737768872686;0.110367794878123;0.137163506773375;0.165608210422444;0.195168449209857;0.22418279382879;0.251867615528278;0.281804886764775;0.30809604770925;0.325057282359936;0.335257142661661;0.34245451840044;0.348055882607737;0.352309185023056;0.355504690600551;0.358173003352225;0.360479085121622;0.362171768889451;0.363281343071598;0.363846255691222;0.363791899886413;0.36308788461708;0.361772394309756;0.359842073677093;0.35732906512598;0.354214931511025;0.350538800456032;0.346274902551646;0.341378704118714;0.335827056175394;0.329669810809066
0.0443049268657733;0.0651033269700064;0.0884502489558168;0.113523970411105;0.140548665753182;0.169006921156468;0.198043019626557;0.225549911545816;0.252984905793287;0.281839761100424;0.304026780668395;0.317529838982479;0.32598820520978;0.332312995030038;0.337126421018559;0.34055215534425;0.343146199840853;0.345324754200315;0.346931444889702;0.347911487962508;0.348326734706484;0.348105213289887;0.347221176893794;0.34568982766093;0.343522910508915;0.340725014087707;0.337314818857857;0.333312615175703;0.328673959084164;0.323375410546796;0.317390463843503;0.31076018853264;0.30348146644837
0.0466435034890447;0.0678059954934549;0.0913134068563859;0.116592477581642;0.143752692088412;0.1720693508694;0.200150029851344;0.226319637696644;0.253820525928223;0.280315381935783;0.298317456482526;0.30915054058743;0.316452851262067;0.321884938728817;0.325757708309431;0.328357301830102;0.330365077544226;0.331832346119648;0.332628645387433;0.332807474744183;0.332342976415766;0.331184476931126;0.329343483446721;0.326834122017617;0.323641292844476;0.319813920964572;0.315339125089875;0.310182134616621;0.304314381402675;0.297733227890486;0.290446516859661;0.28245914349108;0.273721165132829
0.0489697177079827;0.0704279220102772;0.0940731678736972;0.119550394029848;0.14673588531312;0.174701410840145;0.201511950965937;0.226807657468181;0.253952372260251;0.277064031363606;0.291595069066416;0.300405190775187;0.306671042427931;0.31109540522932;0.313943305380851;0.315814229079292;0.31710228566475;0.317693041955087;0.317605428418899;0.316846610731325;0.315360211197239;0.31315328946653;0.310223617089973;0.306582277981083;0.3022409286615;0.297198140458119;0.291429854188211;0.284882406924171;0.277579453841972;0.269501698876235;0.260656620855699;0.251014592430986;0.240578335951767
0.0512589991923693;0.0729816280913935;0.0967312213834713;0.12236367660126;0.149492084784498;0.176806644837744;0.202153328720979;0.227109108468622;0.252937001233459;0.272354525644915;0.284109126134808;0.291400224654675;0.296598122278559;0.299890216735585;0.301785664530307;0.302914225844338;0.303305716207837;0.302949948288393;0.301864846453593;0.300033300855034;0.297430980132744;0.294054908340751;0.289920139489091;0.285024423364967;0.279368221777307;0.27291235380886;0.265626670260388;0.257510577836671;0.248560817298695;0.238772720851988;0.228156561798965;0.216696596450619;0.204315626200197
0.0535061726684598;0.0754264546284733;0.0992944454696932;0.125045549999794;0.151962534852604;0.178285675148799;0.202289157076586;0.227115798364026;0.250707555119786;0.26651476156852;0.275999761088201;0.282130848421127;0.286160955793465;0.288324336950291;0.289362440315255;0.289585768233025;0.288991577183205;0.287606997976198;0.285412890214661;0.282413535065962;0.278590269839232;0.273944935997766;0.268486890706863;0.262187014855024;0.255022625185219;0.246966459377352;0.237994414339323;0.228139189898451;0.217387985299715;0.205763653907023;0.193182819496789;0.179257605214897;0.163704098690654
0.0556914929027587;0.077774411325346;0.101769373969704;0.127566236898546;0.154073039121154;0.179117444161403;0.2022398231182;0.226559851711468;0.247069627735317;0.259958784225072;0.267658793458248;0.27256596653441;0.275355081768288;0.276478477268706;0.276623045554467;0.275825407101634;0.274172952053875;0.271653321698472;0.268271069676458;0.264013988145805;0.258881616272653;0.25286359266283;0.24593005095771;0.238060373450332;0.229220796659815;0.219400056877468;0.208642371056189;0.196942694532908;0.184259773671588;0.170163737170415;0.154244736665007;0.136320264474355;0.11642432064311
0.0578113551303136;0.0800340857086654;0.104155623524837;0.129900675956963;0.155738321539452;0.179414731899985;0.2020115674756;0.225014523128727;0.242383843981018;0.252917655439491;0.259031388384168;0.262677578546154;0.264244125120378;0.264383000118459;0.26351319910232;0.261644361024797;0.258849468717393;0.255117192369446;0.250462165462641;0.244870039898888;0.238327475841865;0.23079436620568;0.222237153584725;0.212646181708917;0.202022297500976;0.190387649465942;0.177772210315315;0.163677141676791;0.147640737776689;0.129507648824057;0.109363695571201;0.087561507564369;0.0644707071975699
0.0598618579853664;0.0822061868262028;0.10642097144091;0.131992418561101;0.156917737664228;0.179264619309498;0.201459499208342;0.222535933469594;0.236951860090143;0.245381436296096;0.250117642210715;0.252455488285913;0.252897977848578;0.25202249559663;0.250043124836865;0.24703434840224;0.243027119066989;0.238021525219291;0.23201576505391;0.224996547098014;0.216905970604358;0.207723964896062;0.197430050562344;0.186049996380713;0.173613363091541;0.159834197618857;0.143969527379215;0.125887639714933;0.105775011740493;0.0838289603106709;0.0606346238576178;0.0373167310281898;0.0140127456630382
0.0618671655721183;0.0843126364635334;0.108560077967358;0.133807231140854;0.157590170731903;0.178846626736159;0.200469116801356;0.219114327716658;0.230866992871279;0.23751025625208;0.240901901587201;0.241970005706691;0.241321073691465;0.239354314546469;0.236226795633509;0.232005231345302;0.226719240232191;0.220375061886482;0.212935928058244;0.204360537504604;0.194618516736736;0.183695560224223;0.17163507803753;0.158391754998102;0.143080589062555;0.12535229585466;0.105530094387934;0.0839221074687155;0.0608103416322078;0.0369989352936643;0.0136488928647418;0;0
0.0638183585864714;0.0863366563351837;0.110574790924937;0.135288637784207;0.157782434257185;0.178271730628436;0.198879674763587;0.214802786072067;0.224413837322386;0.22936302828694;0.231395631391034;0.231262404842997;0.229497088551346;0.226379415243734;0.222053986763944;0.21657168133221;0.20995068304366;0.202180121119562;0.193195898653899;0.182967967768946;0.171518238171104;0.158856520846825;0.144526096727312;0.127657335558553;0.108351145633604;0.0872923331834018;0.0646903801011111;0.0409575909163202;0.0171855760083325;0;0;0;0
0.0656985718232293;0.0882807478398774;0.112443631951073;0.136396855198837;0.157564883022913;0.17746997970321;0.196492643026505;0.209913013805306;0.21756278128178;0.220936046353214;0.221651265578927;0.220346941270443;0.217427042578043;0.213104991804419;0.207531512581555;0.200735446796746;0.192717812735479;0.183414508491579;0.172801528323973;0.160905707643549;0.147688875245726;0.132166797115541;0.113861584762922;0.0934841824125588;0.0716510212291215;0.0485244060732521;0.0247800544854882;0.000853130887036817;0;0;0;0;0
0.0675037865747155;0.0901479774257171;0.114115947111218;0.137093235136736;0.1570571931256;0.176337339201788;0.193472990571168;0.204551745176886;0.210297633807377;0.212240046552916;0.211690163621171;0.209215305298925;0.205100935387438;0.199541345129328;0.192677369679341;0.184497822382745;0.174985611223225;0.16409264592515;0.151843411371372;0.137998245780121;0.121455653934301;0.102068080884207;0.0810457170168653;0.0588355288720394;0.0355001150440871;0.0117208330863056;0;0;0;0;0;0;0
0.0692377403714643;0.0919119927667799;0.115541343664875;0.137404090316468;0.156337616076387;0.174780378045135;0.189805630032335;0.198735144380763;0.202746028201755;0.203320963772525;0.201546758544368;0.197855514195062;0.192521977153005;0.18569026306069;0.177483259849626;0.167851188703121;0.156778743933778;0.144287286821621;0.129869348303276;0.112471613124249;0.0924644787229826;0.0711245120797411;0.0488254450947611;0.0254366637309229;0.00188609900911837;0;0;0;0;0;0;0;0
0.0709091993340185;0.0935639425525747;0.116700596067653;0.137345627952093;0.155436248834143;0.172781470026584;0.185538420898181;0.192608895542025;0.194946639921285;0.194196171410263;0.191199702220241;0.186287523468224;0.179691767278774;0.171550922249084;0.161932724052778;0.150794423202262;0.138151662431659;0.123326982415654;0.105361615075537;0.085029998749609;0.0636380859481111;0.04136904496418;0.0177492054070722;0;0;0;0;0;0;0;0;0;0
0.0725230330223097;0.0951023679764209;0.117566409677824;0.13695313474822;0.154335877085327;0.170210039174788;0.180873046318394;0.186126332260803;0.186907463583531;0.184890870861891;0.180669675267293;0.174508044424469;0.16661723571467;0.157121232658474;0.146037515818236;0.133344775343045;0.11833775463658;0.100104546051206;0.0796783464328894;0.0583712088001374;0.0361170707761391;0.0140441155504366;0;0;0;0;0;0;0;0;0;0;0
0.0740689997223028;0.0965105075942604;0.118121235330981;0.136298882343426;0.152967874105812;0.167207918929334;0.175858315944321;0.179308797236178;0.178680934393295;0.175411319185176;0.169934964849727;0.162515782864595;0.153299362975859;0.142393324839129;0.129790052195348;0.114804041306743;0.0965779554154075;0.0762205270851513;0.0550632084296968;0.0328028015827334;0.0125387356519431;0;0;0;0;0;0;0;0;0;0;0;0
0.0755648205423139;0.0977540513319668;0.118354176346619;0.135477435090335;0.151262474741711;0.163742483201629;0.170492532311057;0.172224067086927;0.170280165510341;0.165768158812972;0.159022072810758;0.150307070628475;0.139729235756873;0.127355772046692;0.112601878867207;0.0946189764036962;0.0744474580635927;0.0534713445608973;0.032304501314712;0.0119551680328054;0;0;0;0;0;0;0;0;0;0;0;0;0
0.0769788172830566;0.0988037467976219;0.118287627052818;0.1344621493783;0.149241893771643;0.159811761998499;0.164835097142371;0.164942938021948;0.161712606940328;0.155948333084992;0.147932897503187;0.13788315770172;0.12590045762339;0.111564822911134;0.0940436496112914;0.0741587384555645;0.0533914099651912;0.0332084267476781;0.0129412252484841;0;0;0;0;0;0;0;0;0;0;0;0;0;0
0.0783136714036493;0.0996312196891785;0.117947814471157;0.133310552494813;0.14686017580145;0.155563066689271;0.15887761042544;0.157471163237242;0.15298737633227;0.145962341028541;0.136657799552951;0.125245422907938;0.111516039457977;0.0946445196435283;0.0751772217314646;0.0546973936581817;0.0349280510448301;0.0143987381965889;0;0;0;0;0;0;0;0;0;0;0;0;0;0;0
0.0795460468101475;0.1002216016383;0.11735865679699;0.131960486644604;0.144118624094588;0.151026302206356;0.152668031214827;0.149856098460629;0.144118349655182;0.135808829877791;0.125193815307765;0.112228822864299;0.0962138076319973;0.0773150187618077;0.0571670888736111;0.0376802619947599;0.0169145813167577;0;0;0;0;0;0;0;0;0;0;0;0;0;0;0;0
0.0806763945272014;0.100571953525473;0.116581247836601;0.130369639780051;0.141080872999289;0.146242060737055;0.146191675559203;0.142096243815465;0.135100774743704;0.125501876524759;0.11347771549483;0.098502174030393;0.080375219916307;0.0606251398902686;0.0413295082905546;0.0206996986313887;0;0;0;0;0;0;0;0;0;0;0;0;0;0;0;0;0
0.081689892295602;0.100680006580363;0.115671757365012;0.128535924224788;0.137646563725351;0.141172794068748;0.139547732172127;0.134183130815587;0.125930589049047;0.115022335021999;0.101256893013425;0.0841825460382272;0.0649260561696359;0.0457262280478207;0.0255467530574432;0.00170687542312906;0;0;0;0;0;0;0;0;0;0;0;0;0;0;0;0;0
0.0825696759573787;0.100543657888203;0.114598114978429;0.126496360307838;0.133935430132457;0.135858941575706;0.132747235425739;0.126137903393933;0.116609038371819;0.104227439415524;0.0884671461959751;0.0699428772915465;0.0508470020576155;0.0311730719228446;0.00804691027878599;0;0;0;0;0;0;0;0;0;0;0;0;0;0;0;0;0;0
0.0832929248524855;0.100186483858782;0.113400331702713;0.124168595777715;0.129963376495904;0.130336160243563;0.125817742536518;0.117971292675757;0.107109668085613;0.0929620090227861;0.075481316970638;0.0566300488160247;0.0373907531316219;0.0151898586676998;0;0;0;0;0;0;0;0;0;0;0;0;0;0;0;0;0;0;0
0.0838411015124902;0.0996259777771746;0.112067549696363;0.121591119466223;0.125794034874458;0.124601637747056;0.118771332777615;0.109661760838697;0.097299427701098;0.081331076840521;0.0629557084088024;0.0440910360378692;0.0229968130071929;0;0;0;0;0;0;0;0;0;0;0;0;0;0;0;0;0;0;0;0
0.0842099208151397;0.0989041445633362;0.110554239897188;0.118797719858946;0.121431193248796;0.118664427325947;0.111588952747462;0.10117281662691;0.087116162211705;0.0697666877662107;0.0512422897644153;0.0312400791828219;0.00793857426091284;0;0;0;0;0;0;0;0;0;0;0;0;0;0;0;0;0;0;0;0
0.0843937760082997;0.0980644375457541;0.108854770560051;0.115677736001184;0.116852049516409;0.112593013110074;0.104281036724792;0.0924029899975979;0.0767197227388419;0.0587690147373255;0.0396426208090385;0.0176949827486104;0;0;0;0;0;0;0;0;0;0;0;0;0;0;0;0;0;0;0;0;0
0.0843959062718388;0.09712051121596;0.106989084608114;0.112358017484656;0.112045729302505;0.106396644858783;0.0968295191206285;0.0833498105124712;0.06648423905631;0.0481169015771779;0.0275753009179743;0.00364974120824022;0;0;0;0;0;0;0;0;0;0;0;0;0;0;0;0;0;0;0;0;0
0.0841985066959932;0.0960436450790226;0.104955338152105;0.108827257658571;0.107076391414466;0.100100252399037;0.0891499661383615;0.0741589612552438;0.0566647192469078;0.0373940491190902;0.0150876661045816;0;0;0;0;0;0;0;0;0;0;0;0;0;0;0;0;0;0;0;0;0;0
0.0838378250693323;0.0948773720408714;0.102708164362042;0.105137170901107;0.101949384979133;0.0936689636651517;0.0812345731587392;0.0651060795663587;0.0469927059944679;0.0263396407373169;0.00217864040948307;0;0;0;0;0;0;0;0;0;0;0;0;0;0;0;0;0;0;0;0;0;0
0.0833169645143057;0.0935951604445412;0.100313289502129;0.101307032668558;0.0966383771719901;0.0870669919832349;0.0731758112377123;0.0563142022530191;0.0372253276967206;0.0149596459316211;0;0;0;0;0;0;0;0;0;0;0;0;0;0;0;0;0;0;0;0;0;0;0
0.0826663970330497;0.0921709788753688;0.0976921418754184;0.0973232619467936;0.0912015290372668;0.0802638274794174;0.0651879876030863;0.0476074396688811;0.0272130744648997;0.00325258151332202;0;0;0;0;0;0;0;0;0;0;0;0;0;0;0;0;0;0;0;0;0;0;0
