0.00296739717356833;0.00503537898729797;0.00789679764973454;0.0116049418067182;0.0163670190303917;0.0217491495916981;0.0270294840491735;0.0319218431266629;0.0360425164861247;0.0397473625690019;0.043350745983951;0.0467105822941945;0.0501305739341976;0.0537301272668355;0.0574938186342016;0.0614809734212712;0.0658273846489323;0.0686483395698192;0.0683330196159005;0.0650255754465672;0.0613736021892678;0.0576997078749219;0.0541197359222248;0.0506590857527301;0.0473298567958808;0.0440876894956614;0.0409559019161737;0.0379590884223079;0.0350667685822637;0.0322615815714012;0.0295387262975811;0.0268744028673074;0.0242437848900904
0.00382821148728216;0.00612839740716415;0.00926229106216668;0.0133336848181912;0.0184465053731061;0.0239780040080689;0.0292732766384184;0.0340580489110672;0.0381073179797971;0.0419598946389569;0.0456324891215188;0.0491625266212218;0.0528359062590202;0.0566436890842517;0.0606674559149362;0.0649858886039463;0.0691696422355846;0.071050720850312;0.0693448720283573;0.0659018024217278;0.0622443166546718;0.0586277027985231;0.0551084097084615;0.0517276005962689;0.0484618554260295;0.0453040135588308;0.0423008404003691;0.0394366673780033;0.0366810832419994;0.0340254734372474;0.0314446369520927;0.0289085727818769;0.026401931930795
0.00470308129935899;0.00723903606886695;0.0106511735445065;0.0151084994894408;0.0205154551977098;0.0261341122584158;0.0314184455389683;0.0360595270122987;0.0401417250908349;0.044121548384976;0.0478688537304265;0.0516107765441537;0.0554793122593571;0.0594980539775947;0.0637841113795638;0.0683644526635946;0.0719242332490814;0.0725339481007528;0.0700606793619135;0.0666878750757784;0.0630595723535534;0.0595065830171198;0.0560406340135912;0.052705849859669;0.0494888796241201;0.0464337737177447;0.0435493368428312;0.0408103672994274;0.0381976808926553;0.0356776585041493;0.0332094013711578;0.0307752100937728;0.0283741450437592
0.00558696384080433;0.00836812672606661;0.0120740092583697;0.016915398032863;0.0225538049440339;0.0282097230061321;0.0334425890941161;0.0379702902295205;0.0421541386160159;0.0462120578417066;0.0500807847157155;0.0540267461544557;0.0580577382940696;0.062328134969591;0.0668729264052271;0.071280525683847;0.0738724466232466;0.0731270524528997;0.0706173409396669;0.0673543159434022;0.0638366429216207;0.060307389389392;0.0568739303707019;0.0535606022026166;0.0504056020190812;0.0474529745803143;0.0446861715853595;0.0420779963514144;0.0395888490462465;0.0371648812055016;0.0347836238052571;0.0324481495034695;0.0301575786389995
0.00648483272850014;0.00951622276066686;0.0135386575973916;0.0187413770695613;0.0245469234406604;0.030209415126471;0.0353484195038846;0.0398315012171636;0.0441335886899549;0.0482473481319091;0.0522718303905309;0.0563621412472006;0.0605919832631554;0.0650762986839784;0.0697123790392181;0.0736502766262425;0.0748651440085028;0.0734610390575894;0.0709581551607154;0.067884491501684;0.0645038017211141;0.0609802441280644;0.0575605111020411;0.054288271224194;0.0512147682413623;0.0483619973340493;0.0457136406126177;0.0432262147386495;0.0408370611795001;0.0385044524780997;0.036222741548133;0.0339930103658553;0.0318121649893327
0.0073956589838485;0.0106842654163297;0.0150534979731065;0.0205641103912921;0.0264769638901024;0.0321214417192695;0.0371517975348165;0.041663230829963;0.0460572508946848;0.0502450097930293;0.0544165116824715;0.0586369916694818;0.0630911273464025;0.0676813143091001;0.072177273647083;0.0751310786967991;0.0751951916543374;0.0735365453343919;0.0711068620615555;0.0682342915825226;0.0649599651569235;0.0615035501232659;0.0580969493682967;0.0548829644475853;0.0519134172245661;0.0491943065472206;0.0466886873422541;0.0443135346782369;0.0420058803322354;0.0397523144817028;0.0375572948400152;0.0354193472520749;0.0333302934318244
0.00832292021555646;0.0118734334595257;0.0165995326269238;0.0223745330560287;0.0283448243633727;0.0339383743576249;0.0388772901862893;0.0434666357478752;0.0479181111765577;0.0522042500639484;0.0564903747107231;0.0608828376575713;0.0654747881107648;0.0700501805141641;0.0740562624340826;0.0757829134927857;0.075199512487568;0.0734063427507193;0.0710538212000454;0.068295562783431;0.0651530485046566;0.0618198846895575;0.0584873854316279;0.0553881686102077;0.0525755875829911;0.050014424424118;0.0476293740787496;0.0453286925994435;0.0430854100186321;0.0409040045977287;0.038787163971001;0.0367264693362721;0.0347117730258546
0.00926328086487483;0.0130910015236583;0.018174519927447;0.0241554052785552;0.030142020099734;0.0356631363481095;0.0405485701097653;0.0452349402708643;0.0497300828868375;0.0541111460832546;0.058500842165108;0.0630634895687063;0.0676338435527679;0.0719797359665757;0.0751922185839373;0.0759519248988789;0.0749047597707358;0.0730757342715538;0.0707852553466951;0.0680474386701422;0.065037733107822;0.0618757601586179;0.0587873356864416;0.0558883206853869;0.0532324347865489;0.0507975263226973;0.0484852518613434;0.0462384883452847;0.0440544492238325;0.0419422840542875;0.039894831727584;0.0378998282677056;0.035948352479455
0.0102226861559712;0.0143416722465794;0.0197601416473064;0.0258917353774632;0.0318641469728446;0.0373031277451784;0.0421944401741208;0.0469526917582873;0.0514895705705434;0.0559535980655293;0.0604646648965194;0.0650811912799598;0.069469553176081;0.0734578696816676;0.0756955503428905;0.0756930351079106;0.0743994165427804;0.0725360403914635;0.0702019791841915;0.0675169970745274;0.0646196880344655;0.0617410089862465;0.0589708135765119;0.056334825716418;0.0538577550885893;0.0515154874597641;0.0492429118233181;0.0470347142311679;0.0449043190172195;0.0428514271188458;0.0408627548259553;0.0389248726554152;0.0370275674462454
0.0111996058253516;0.0156250838286447;0.0213476102253318;0.0275762806803828;0.0335149787338526;0.0388704842890569;0.0438096222042062;0.0486133597702085;0.0531968489127992;0.0577350740621409;0.0623468132011627;0.0668332903913392;0.0709799194999077;0.0743935034690393;0.0757040524033855;0.0751331133847885;0.0736833111289121;0.0717244344153436;0.069347253153801;0.0666996576539385;0.0640301211204785;0.0614474111479608;0.0589720987577423;0.0566073014963054;0.0543377205156022;0.0521021725010833;0.0498872217498663;0.047727618315772;0.0456468912887766;0.0436408259036454;0.0416951130770733;0.0397984412776582;0.0379466790034801
0.0121921886950933;0.0169414659821325;0.0229247029680028;0.0292043655043471;0.0350877446033171;0.0403799841978752;0.0453882936770727;0.0502132112588172;0.0548433978696211;0.0594571545974603;0.0640480584699338;0.0682180073579297;0.0721458070069355;0.0748481163527754;0.0753058409344304;0.0743361958613412;0.0727273714914288;0.0706362804848524;0.0682173548484808;0.0657264969565827;0.0633106410634653;0.0609912298341065;0.0587654042372691;0.0566297278128566;0.0545359432692558;0.0524327534059301;0.0503365494599275;0.0482773004645922;0.0462696957361334;0.0443102997392151;0.0423982346474043;0.0405320877730502;0.0387198476878321
0.0132027034126724;0.018288397465604;0.024484880852164;0.0307759024206465;0.0365943795686752;0.0418551389396345;0.0469230427741589;0.0517525417531215;0.0564237529886948;0.0610715568407953;0.0654483611572893;0.0693623293637319;0.072954024795429;0.0747324768106047;0.0745385644028988;0.0733050835474368;0.0714992000566273;0.0692926584244696;0.0669384019148253;0.0646462695803232;0.0624496972422282;0.0603451693492059;0.0583288412818026;0.0563684286735383;0.0544050234159405;0.0524359951383556;0.0504847675345718;0.0485610174429967;0.0466596804159019;0.0447781921048033;0.0429244849394138;0.0411101360598628;0.0393435002283416
0.0142398946309951;0.0196532350139397;0.026012082853326;0.0322850333710193;0.038032584365891;0.0433038286526371;0.0484009767027181;0.0532315733403491;0.0579359416207559;0.0625026272763955;0.0665031722308331;0.0703007465962289;0.0733664638827782;0.0742284187822295;0.0735107460248839;0.0720045126131083;0.0700276588034502;0.067794340586843;0.0655856833079691;0.0634647417105449;0.0614370322530142;0.0594988963402277;0.0576376284992126;0.0557936960318967;0.0539441184714551;0.0521054372116036;0.0502889644749394;0.0484906970671028;0.0466994215158472;0.0449206777730735;0.0431628696442184;0.0414355388718841;0.0397333321968358
0.0153011964416569;0.0210231113341856;0.0274917365783528;0.0337304224282165;0.0394074437386259;0.0447168803728785;0.0498129403186606;0.0546419359249181;0.059339637737612;0.0636579318266493;0.0673238498994514;0.07100166047258;0.0732450617588187;0.0733432040271529;0.0722069728268818;0.0704731342373411;0.0683756918993199;0.0662366797231249;0.0641602479348108;0.06216857628908;0.0602638458929492;0.0584486734875218;0.0566751690477203;0.0549095768964909;0.0531619796533668;0.0514413544796916;0.0497393452242477;0.048041882758736;0.0463499905189339;0.0446735086460242;0.0430179100272058;0.0413787416992844;0.0397521304942516
0.0163884266815122;0.0223911970681399;0.0289271462942302;0.035119121876977;0.0407375515338806;0.0460860419208066;0.0511552317221951;0.0559828423946633;0.0605678082447965;0.0644816858007327;0.0680701562796956;0.0713680500211869;0.0726529790919578;0.0721318622036719;0.0706632747355394;0.0687412109144124;0.066672891581389;0.0646239792578734;0.0626437560405873;0.0607391519391521;0.0589282371603826;0.0571828094665639;0.0554575563103703;0.0537564083991114;0.0520893192562537;0.050448830612049;0.0488218036519056;0.0472024837273266;0.0456013808404628;0.0440170329821206;0.0424461606936776;0.0408810399950107;0.0393307912095034
0.0175096579196381;0.0237495098763245;0.0303133708396591;0.0364479487060947;0.0420400963272389;0.047405190557749;0.0524359701493366;0.0572221290981234;0.0615314827742499;0.0650626879991734;0.0686417673883429;0.0712876581024919;0.071708208454971;0.070642096021647;0.0689238434717687;0.0669454908623238;0.064924321993332;0.0629383007319424;0.0610111445341183;0.0591734204827325;0.0574214604363226;0.0557031275303708;0.054015182104192;0.0523648374619699;0.0507471108117063;0.0491472217402807;0.0475614908193949;0.0459972587582304;0.0444553291908372;0.042929898228693;0.0414166704336189;0.0399190141328901;0.0384381082637973
0.0186477329036117;0.0250981254727368;0.031659771320782;0.037725058041063;0.0433109085370858;0.0486603622175319;0.0536454978055481;0.0583037668838864;0.0622144571248799;0.0655762369419983;0.0689804876662735;0.0707251245675331;0.0704084480639804;0.0689452979835808;0.0670886323092509;0.0651099029713403;0.063117659103735;0.0611557192795605;0.059265676782118;0.0574751379567575;0.0557371359679481;0.054032381871602;0.0523696954626164;0.0507445906140663;0.0491422094778549;0.0475585149396103;0.0459964635755023;0.0444613554354677;0.0429439590077095;0.0414439903885465;0.0399628863071046;0.0385023682548617;0.0370536108878166
0.0198059159213636;0.0264143993136745;0.03295051465726;0.038951885842132;0.0445414928667237;0.0498410995326566;0.0547666967565867;0.0591738707818435;0.0626558279152034;0.0660297080192707;0.0689416299870172;0.0697319441314578;0.0688141985923041;0.0671160983634715;0.0652096203247954;0.0632275425385648;0.0612308735897619;0.0592746700703553;0.0574182799067867;0.0556352724950059;0.0538894215229553;0.0521903174409152;0.0505317742164125;0.0489015363648609;0.0472923995514759;0.0457079184733674;0.0441500684049807;0.0426130958229477;0.041096801164829;0.0396024447280109;0.038128856569183;0.0366672119045178;0.0352150618065424
0.0209770581440443;0.027696633975836;0.0341895107549074;0.0401337435920447;0.0457211689244585;0.0509563724376751;0.055762414059959;0.0597820783543439;0.0629669038820694;0.066307032179947;0.0684657883798333;0.0684331120757759;0.0670514285323322;0.0652294320762743;0.0632828877468613;0.0612711626127053;0.0592507817667584;0.057307680536356;0.0554583207879419;0.0536550768725113;0.051897334724514;0.0501856904401685;0.0485055866515218;0.0468500496280103;0.0452215492887194;0.0436172210517689;0.0420387135442329;0.0404817064584028;0.0389487556062257;0.037435124600178;0.0359346004335489;0.0344438006333738;0.0329669810809066
0.0221524634328866;0.0289348119866695;0.0353800995823267;0.0412814437858563;0.0468495552510606;0.0520021295866056;0.0565837198933019;0.0601466430788844;0.0632462264483218;0.066315237905982;0.0675615068151988;0.0668483871542061;0.0651976410419561;0.0632977133390548;0.0612957129124652;0.059226461799;0.0571910333068088;0.0552519606720504;0.0533740684445696;0.0515424426611124;0.0497609621009262;0.0480145121779154;0.0462961569191726;0.0446051390530233;0.0429403638136144;0.0413000017076008;0.0396840963362185;0.0380928703057946;0.0365193287871294;0.0349595038428968;0.0334095225098425;0.0318728398495015;0.030348146644837
0.0233217517445223;0.0301359979970911;0.0365253627425544;0.0423972645751424;0.0479175640294706;0.0529444156521232;0.0571857228146698;0.0603519033857717;0.0634551314820558;0.0659565604554784;0.0662927681072279;0.0650843243341958;0.0632905702524133;0.0613114169007271;0.0592286742380784;0.0571056177095829;0.055060846257371;0.0530931753791437;0.0511736377519128;0.0493048110732123;0.0474775680593952;0.0456806175077415;0.0439124644595628;0.0421721447764668;0.0404551616055595;0.0387653237532815;0.0370987205988088;0.0354493868133281;0.0338127090447417;0.0321873759881607;0.0305733175641749;0.0289701685631877;0.0273721165132829
0.0244848588539914;0.0313012986712343;0.0376292671494789;0.0434728705563083;0.0489119617710399;0.0537542802585061;0.0575748431331248;0.060482041991515;0.0634880930650628;0.0651915367914368;0.0647989042369814;0.0632431980579341;0.0613342084855862;0.0592562676627276;0.0570806009783366;0.0549242137529203;0.0528503809441249;0.0508308867128139;0.0488623736029075;0.046940238626863;0.0450514587424628;0.0431935571677973;0.0413631489453297;0.0395590036104623;0.0377801160826875;0.0360240170252265;0.034285865198613;0.0325579893627624;0.0308421615379969;0.0291353187974308;0.027437539037442;0.0257450864031781;0.0240578335951767
0.0256294995961847;0.0324362791517304;0.0386924885533885;0.0444958824004584;0.0498306949281659;0.0544020445654596;0.0577580939202797;0.060562428924966;0.0632342503083649;0.0640834177988036;0.0631353613632908;0.0613474157167736;0.0593196244557119;0.0571219460448733;0.0548701208236921;0.05268073492945;0.0505509527013061;0.048471991726143;0.0464407456082451;0.0444493779044495;0.0424901400189634;0.0405592977021726;0.0386560185985455;0.0367773449503183;0.0349210277221633;0.0330802853101649;0.0312501965012221;0.029429780324191;0.0276178685887439;0.0258132671191338;0.0240164801893647;0.0222252919436532;0.0204315626200197
0.0267530863342299;0.0335228687237659;0.0397177781878773;0.0454711090908342;0.0506541782842014;0.0548571308150152;0.0577969020218818;0.0605642128970736;0.0626768887799466;0.0627093556631811;0.0613332802418223;0.0593959680886584;0.0572321911586931;0.054918921323865;0.0526113527845918;0.0503627423013957;0.0481652628638674;0.0460171196761917;0.0439096754176402;0.0418390422319944;0.0397986099770331;0.037785508413485;0.0357982520942485;0.0338305825619386;0.0318778281481524;0.029935328409376;0.0279993428634498;0.0260730502741086;0.0241542205888572;0.0222447193412998;0.0203350336312409;0.0183853954066561;0.0163704098690654
0.0278457464513794;0.0345664050334871;0.0407077495878816;0.0463877225085623;0.0513576797070512;0.0551130597419702;0.0577828066051999;0.0604159604563915;0.0617674069338293;0.0611667727588404;0.0594797318796106;0.0573823087440862;0.0550710163536575;0.0526625670988012;0.0502950991917212;0.0479696360176755;0.0456954920089791;0.0434645314717556;0.0412724722579167;0.0391131834290081;0.0369830880389504;0.0348777369190111;0.0327906734610281;0.0307174675419783;0.0286525995824768;0.0265939462881779;0.0245461613007281;0.0225077365180466;0.020473308185732;0.0183960796940989;0.0162362880700008;0.0139815655871134;0.011642432064311
0.0289056775651568;0.0355707047594068;0.0416622494099348;0.0472366094388958;0.0519127738464841;0.0552045328923032;0.0577175907073144;0.0600038728343273;0.0605959609952546;0.0595100365739979;0.0575625307520373;0.055300542851822;0.0528488250240756;0.0503586666892302;0.0479114907458764;0.0455033671347474;0.0431415781195655;0.0408187507791114;0.0385326408404063;0.0362770429479835;0.0340467822631236;0.031833705683542;0.0296316204779633;0.0274382169946989;0.025252787187622;0.0230772908443566;0.0209143776841547;0.0187059590487761;0.0164045264196321;0.0140008268998981;0.0115119679548632;0.00898066744249939;0.00644707071975699
0.0299309289926832;0.0365360830338679;0.042568388576364;0.0479972431131276;0.0523059125547426;0.0551583444029224;0.0575598569166691;0.0593429155918917;0.0592379650225358;0.0577368085402578;0.0555816982690478;0.053148523849666;0.0505795955697155;0.0480042848755485;0.0454623863339754;0.0429624953743026;0.0405045198444982;0.0380834440350865;0.0356947330852169;0.0333328217922983;0.0309865672291941;0.028651581364974;0.0263240067416458;0.0240064511458984;0.0217016703864426;0.0193738421356191;0.0169375914563783;0.0143871588245638;0.011752779082277;0.00906259030385631;0.0063825919850124;0.00382735702853229;0.00140127456630382
0.0309335827860592;0.0374722828726815;0.0434240311869433;0.0486571749603104;0.0525300569106344;0.0550297313034335;0.057276890514673;0.0584304873911087;0.0577167482178198;0.05588476617696;0.0535337559082668;0.0509410538329876;0.0482642147382931;0.0455912980088512;0.0429503264788198;0.0403487358861394;0.0377865400386985;0.0352600099018371;0.0327593735474221;0.0302756351858673;0.0278026452481052;0.025337318651617;0.0228846770716707;0.0204376458062067;0.0178850736328194;0.0151942176793527;0.0124153052221098;0.00959109799642463;0.00675670462580086;0.00399988489661236;0.00143672556470967;-0.00109101155574931;-0.00361728674648598
0.0319091792932357;0.0383718472600817;0.0442299163699749;0.0491958682851662;0.0525941447523949;0.054852840193365;0.0568227642181678;0.0572807429525513;0.0561034593305964;0.053967771361633;0.0514212514202299;0.0486868220722099;0.0458994177102692;0.0431198886178542;0.0403734521388989;0.0376646402316886;0.0349917805072767;0.0323488193791298;0.0297224459467538;0.0271063655953994;0.0245026054530149;0.0219112442547345;0.0192701462303083;0.0164719142656197;0.0135438932042005;0.0105808888707154;0.00761063295307189;0.00468086753329374;0.00190950844537028;-0.000714727218776161;-0.00327898020436081;-0.00552231376669926;-0.00783593575574769
0.0328492859116146;0.0392358879288344;0.0449774527804292;0.0495988564359408;0.0525216276743042;0.0546061476009877;0.05614075515043;0.0559768036814149;0.0543906953204451;0.0519849520831092;0.0492558367953171;0.0463888297411458;0.0434854085156086;0.0405914270103654;0.0377330022875555;0.0349105124863906;0.0321196354559132;0.0293463213586526;0.0265848505113805;0.0238378826138591;0.0210984107493894;0.0182299030504194;0.0151815446350562;0.0120624751500076;0.00895637765364019;0.00588174619069722;0.0029153005277045;9.75006728042077e-05;-0.00250936001590158;-0.00477736024632753;-0.00720089803823303;-0.00990789378677081;-0.0126475838411292
0.0337518932873578;0.0400657677447632;0.0456463788444873;0.0498520855042677;0.0523523977085334;0.0542576428313194;0.055277997306048;0.0545471320471696;0.0525744084518443;0.0499388344830391;0.0470422585824826;0.0440453274313527;0.0410201870774875;0.0380078752627292;0.0350322490326074;0.0320865778056947;0.0291642685372041;0.026254823348024;0.0233605248263649;0.0204441845600179;0.0173508077049001;0.0140783559840285;0.0108060956022487;0.00759168114477928;0.00443751438051089;0.00142070704076431;-0.00136523050945074;-0.00370704925612828;-0.0061147088544739;-0.00894788173022256;-0.0118971312649131;-0.0149384780354036;-0.0180471053986778
0.0346188701857322;0.0408497745630133;0.0462165374659499;0.049965123751443;0.052112538692129;0.0537785778600416;0.0542301800092386;0.0529960385015367;0.0506865070504386;0.047840226770006;0.0447881685654151;0.0416537924621184;0.0385043954306011;0.035369573916322;0.0322696836090229;0.0291915110788037;0.0261297906556297;0.0230859658914594;0.0199798997389655;0.0166624612035924;0.0132092112461404;0.00981027752824015;0.00651005934596814;0.00328215015882876;0.000235762376139796;-0.00227260958760027;-0.00464911434254798;-0.00761088655750858;-0.0107574057039303;-0.0140404484861298;-0.0172953063766294;-0.0205640742831044;-0.0238764431794374
0.0354545996670092;0.041583974467811;0.0466802384270613;0.0499438647098521;0.0518120829447144;0.053163529238949;0.0530109773994804;0.0513623721445401;0.0487366599803211;0.0456932168024149;0.0424888227156091;0.0392184259933103;0.0359383534557547;0.0326763661426827;0.0294423134641414;0.0262251170786542;0.0230252770719432;0.0197323171865046;0.0162094792423903;0.0125970368517939;0.00909115513544444;0.0057060751674731;0.00236656072094296;-0.000440123901076561;-0.00290011562775863;-0.00583380524242495;-0.00918434032731334;-0.0126169826186;-0.0160143862477752;-0.0194385771984;-0.0229050519086513;-0.0264247264569749;-0.0300114656732813
0.0362615165111548;0.0422677191006315;0.0470265638711297;0.0498011399084437;0.0514452923617758;0.0523723197460885;0.0516780132338269;0.0496336886028808;0.0467268658958828;0.043503734320445;0.040148816726065;0.0367385356683092;0.0333234471429341;0.0299278538397094;0.0265522756033157;0.0231903957118338;0.0197229591060966;0.016016727368193;0.0122582071435215;0.00864758648890924;0.00515958153944845;0.00193711938626712;-0.000776492386635503;-0.00366386985170361;-0.00708379752564424;-0.010649894688729;-0.0142063533344969;-0.0177672292230176;-0.0213881438141102;-0.0250591530424207;-0.0287894640147069;-0.0325899319133754;-0.0364427991410553
0.0370344998611514;0.0428935589307824;0.0472484941323923;0.0495632299430642;0.0509892913686041;0.0514485904397951;0.0502452331269488;0.0478156792629809;0.0446702335983237;0.0412732515729827;0.0377633255221615;0.0342138490241253;0.0306598725951717;0.0271225380645961;0.0235981913082452;0.0199659202272596;0.0160963259025679;0.0121952843336242;0.00847126283533798;0.0048596743085531;0.00179124795027758;-0.00109997101002418;-0.00447677652213912;-0.00814122996935382;-0.0118477078031496;-0.015551734346965;-0.0193071139369631;-0.0231284853480266;-0.0270026266207642;-0.0309387949227609;-0.0349451532532991;-0.0390078060470417;-0.0431347525281689
0.037782410271157;0.0434462450364297;0.0473416705386477;0.0492645218510308;0.0504208249139035;0.0503823025235781;0.0487121520888735;0.0459264178898473;0.0425700413775852;0.0390042726618758;0.0353382384023906;0.0316435938165212;0.0279458471513747;0.024258242294608;0.0204730688849468;0.0164554741571646;0.0124079096772655;0.00855541512974357;0.00496992327918645;0.00177113600486006;-0.00145519185242918;-0.00509482411968924;-0.00893406729416959;-0.0127826355102209;-0.0166667397661862;-0.0206187981405475;-0.0246356561216281;-0.0287058064627041;-0.0328389993027395;-0.0370446190425731;-0.0413161672677243;-0.0456592973766458;-0.0500055559341636
0.0384894086415283;0.0439127763544986;0.0473150508211272;0.0488953270466545;0.0497472979238809;0.049172849845692;0.0470957420406773;0.0439847834725194;0.040428151735082;0.0366937254317629;0.0328739772229305;0.0290280332003622;0.025180091524678;0.0212504424592636;0.0170988453838712;0.0128971719053156;0.00889856832753186;0.00531334827962849;0.00199095773053602;-0.0016356684924611;-0.00545343619232529;-0.00945778438088602;-0.0134645193597633;-0.0175372209177811;-0.0216797892232742;-0.0258828289584769;-0.030140679569701;-0.0344657147367687;-0.0388677362690014;-0.0433438129974488;-0.0478787642826234;-0.0524051704824959;-0.0569624483748848
0.0391568357018246;0.0442805420840794;0.0471791257884628;0.0484765645435684;0.0489533919338166;0.0478655589813142;0.0453936029786972;0.0419923101965978;0.0382468440830675;0.0343440802420097;0.0303683999006558;0.0263674574543027;0.0223032078915954;0.0180275275511482;0.0136685857693572;0.0095125902014229;0.00582134184080501;0.00230379811145423;-0.00155478716953328;-0.00555422482317971;-0.00971694857840238;-0.0138947986624933;-0.0181472247160167;-0.0224700204260243;-0.0268500621343591;-0.0312896895185518;-0.0358052401763884;-0.04039889370826;-0.0450715784715137;-0.0497911896677238;-0.0545155807686944;-0.0592880453588375;-0.0641526290834454
0.0397730234050737;0.0445429340614667;0.046943462718796;0.0479856315071287;0.0480395413648626;0.0464696314481096;0.0436194374899505;0.0399616262561678;0.0360295874137954;0.0319550187947744;0.0278208478461699;0.0236271206030103;0.0192427615263995;0.0147266702403443;0.0103940161588384;0.00655308904256694;0.00281909688612628;-0.00120576504817119;-0.0053707340043274;-0.00970180507791624;-0.0140488075815347;-0.0184761398992716;-0.0229731748359928;-0.027527701497926;-0.0321440533751569;-0.0368464139694385;-0.0416240343270039;-0.0464949969921804;-0.0514023167774675;-0.0563291793302118;-0.0613198706086158;-0.0663972988463151;-0.0715265645178153
0.0403381972636007;0.0446986460113214;0.0466324991346405;0.0474071417382003;0.0470269576664295;0.044997557149863;0.0417690501597723;0.0378923316841241;0.0337751936859261;0.0295298532999433;0.0252172701099623;0.0207372997958722;0.0160750439832614;0.0115476456933845;0.00751445605282812;0.0035999475880676;-0.000595479377534261;-0.00491076800304465;-0.00941165087717699;-0.0139209366675356;-0.0185147783639907;-0.0231795249471221;-0.0279045481488237;-0.0326988118190089;-0.0375790129321583;-0.0425408345874035;-0.0476096735128838;-0.0527088359219567;-0.0578388957790468;-0.0630391280736174;-0.0683206979593316;-0.0736513509789775;-0.0791041064523588
0.040844946147801;0.0447466695912723;0.0462687029460046;0.046740336081741;0.0458821879084503;0.0434377827903839;0.0398707806206077;0.0357821682174899;0.0314826472622618;0.0270640788287057;0.0225015317807612;0.0177226412712057;0.0129852112339272;0.00870975772339443;0.00464486419226239;0.000296847899674618;-0.0041744818610743;-0.00883180796055965;-0.013512003972084;-0.0182610985467106;-0.0230845385395459;-0.0279774718234402;-0.0329470033014487;-0.0380009361631242;-0.0431485391807389;-0.0484067642145793;-0.0537000289848416;-0.0590299609775597;-0.0644268440756088;-0.0698989084904748;-0.0754249229873204;-0.081075437053233;-0.0867961934010306
0.0412848379786894;0.0446860701725347;0.0458392459913717;0.0459986764755774;0.0446451433774856;0.0418027512540635;0.0379277815502111;0.033636774238382;0.0291522595929547;0.0245241033918879;0.0196593658213278;0.0147248162719045;0.0101694004115231;0.00593772798530374;0.00146307459614291;-0.00315387961278737;-0.00795746977104066;-0.0128088528311617;-0.0177065513333045;-0.0226891788912804;-0.0277436405618485;-0.0328831343808378;-0.0381102056490075;-0.0434383280876729;-0.0488800269208812;-0.0543597113397642;-0.0598828745809971;-0.0654663856265024;-0.0711195451926187;-0.0768402343801129;-0.0826850125779322;-0.0886144253270744;-0.0946133860031021
0.0416464624262427;0.0445273261594588;0.0453601326810853;0.0451522166464419;0.0433211254986345;0.0401034339210964;0.0359479264390052;0.031459011380202;0.0267774170214032;0.0218734138877144;0.0167736259934751;0.0119221155402157;0.00747815062632437;0.0028933064128952;-0.00184870830428501;-0.00678790117737726;-0.0118047552137632;-0.0168470524525977;-0.0219806431315737;-0.0271999700373236;-0.0325080356750565;-0.0379018332574246;-0.043403480580425;-0.0490177392959452;-0.0546817486638468;-0.0603862129155607;-0.0661511459720418;-0.0719823809725491;-0.0778988911216383;-0.0839352542102199;-0.0900765691222456;-0.0962722548399785;-0.102692687552135
0.0419205507562451;0.0442782123454109;0.0448270198785452;0.0442149525331722;0.0419313449581527;0.0383389654606325;0.0339346665078899;0.0292431362236524;0.0243248569252745;0.0191367239624755;0.0139901574241783;0.00928232337639351;0.00459936260143858;-0.000276146069081398;-0.00531974941157993;-0.010500406662062;-0.0156979512412855;-0.0209735211021363;-0.0263462005478324;-0.0318170240841736;-0.0373751219835649;-0.0430370379316447;-0.0488172796866011;-0.0546577110997489;-0.0605385894713546;-0.0664814605614977;-0.0724925770535422;-0.0786030638959275;-0.0848298805631638;-0.0911820551815619;-0.0975705194163059;-0.104429872559737;-0.111499371599613
0.0421049604075698;0.043957397583705;0.0442216959588754;0.0431991708577986;0.0404770644162652;0.0365121314849067;0.0318825579278463;0.026979417767176;0.0217790405529263;0.0164156912391084;0.0113871755032034;0.00657685877533092;0.00158771485218257;-0.00356740034068322;-0.00889020450666352;-0.0142499586929532;-0.0196577420775937;-0.0251841116497947;-0.0308079455334593;-0.0365232730187143;-0.0423396600386761;-0.0482762193824351;-0.0542881797748225;-0.0603414760430567;-0.0664604227870118;-0.0726521010833782;-0.0789541754513601;-0.0853781709394039;-0.0919256193366302;-0.0986232414762164;-0.105797402529579;-0.113190740711524;-0.120596501886329
0.0421968880041498;0.0435841944647796;0.0435419082240205;0.0420646312731579;0.0389506831721364;0.0346440040338688;0.0297945819213692;0.0246407973326928;0.0191799306847105;0.013828003467606;0.00880947129089744;0.00372525952602323;-0.0015358927711432;-0.00697965590276779;-0.0124929287812568;-0.0180450365793251;-0.0237077961505166;-0.0294805415779702;-0.0353485247952834;-0.0413122515309724;-0.0473976724581461;-0.0535738795728651;-0.0597920829944496;-0.0660899917665171;-0.0724657758761141;-0.0789510121110048;-0.0855810740370933;-0.0923271851812827;-0.0993776273942561;-0.106733810833187;-0.114376609827238;-0.12217200171286;-0.130154695529802
0.0421979531359194;0.0431646716515378;0.0427956338432457;0.0408574609035112;0.0373485764341684;0.0327374291873179;0.0276655768916081;0.022226616136659;0.0166210597640775;0.0113216239005124;0.00612784464843872;0.000768366570155836;-0.00477397869784146;-0.0104334704851286;-0.016132829628731;-0.0219229745579119;-0.0278435317571469;-0.033850667364644;-0.0399577536530856;-0.0461811812753707;-0.0525189134996247;-0.0588997134040642;-0.0653734252398998;-0.0719300247293246;-0.0786010129018206;-0.0854244641935714;-0.0924181967226944;-0.0997382863546355;-0.107354050783254;-0.115186364804104;-0.123247376168634;-0.131465932645697;-0.139892249089996
0.0420992533479966;0.0426860644795656;0.0419821352608421;0.0395735482394802;0.0356921304714887;0.0308000776612422;0.0254714188966747;0.0197757230013983;0.0141661798117269;0.00879859979272711;0.00335281468990703;-0.00227703752646987;-0.00806850614323839;-0.0139153533257783;-0.0198321161322314;-0.0258841716180126;-0.0320315747355521;-0.0382773685177018;-0.0446355386561217;-0.0511228536268693;-0.0576679170098951;-0.0643097991511223;-0.071043163292154;-0.0779013364421148;-0.0849147522066721;-0.0921312667339893;-0.0997240966914733;-0.107543670229591;-0.115601902127623;-0.123868234159097;-0.13241679299136;-0.141097605898687;-0.150006517864419
0.0419189125346662;0.042167720907054;0.0410832657448169;0.0382316985094936;0.0339831283263776;0.0288212195892774;0.0232098780453541;0.0173616212176957;0.011748176498617;0.0061975625264275;0.000484142313218459;-0.00540723623025417;-0.0114029649982434;-0.0174505159522954;-0.0236162752101074;-0.029903257931736;-0.0362759052306755;-0.0427670774961844;-0.0493829164068023;-0.0560961611441153;-0.0628989251440208;-0.0698065295016969;-0.0768505319249204;-0.0840508928463763;-0.0914845990563694;-0.0992770845606452;-0.107316684855311;-0.115555574078434;-0.124126143642817;-0.132944635209564;-0.141785929213925;-0.150931616198954;-0.160280934261989
0.0416584822571529;0.0415978490864628;0.0401253158008515;0.0368389209703848;0.0322127923906634;0.0267898436871492;0.0209073746393464;0.0150171206008051;0.00930633192418014;0.00351991668979321;-0.00245237289962721;-0.00857511967539575;-0.0147674112407305;-0.021045195916581;-0.0274544958052078;-0.0339559680253785;-0.0405748007261047;-0.0473169916439386;-0.0541894706033925;-0.0611428655288345;-0.0682238164967548;-0.0754477413651072;-0.0828259753063667;-0.0904688794693479;-0.0984426687229498;-0.106663948780343;-0.115167267149876;-0.123958877202042;-0.132956088949972;-0.142001781495472;-0.151333072680415;-0.161001517686472;-0.17108356289727
0.0413331985165248;0.0409648795001639;0.0390768567501673;0.0353902770715613;0.0304005096790889;0.0246965623013592;0.0186251393151675;0.012695317245035;0.00680326861622492;0.00076531329725224;-0.00545962455409318;-0.0117879222495253;-0.0181893295021603;-0.0246989376026111;-0.0313323911839644;-0.0380661921947327;-0.0449349990335014;-0.0519447678310205;-0.0590494219480057;-0.0662947088202652;-0.0736834811778416;-0.0812439532657618;-0.0890701177490168;-0.0972024540296103;-0.105623331232951;-0.114363054006041;-0.123323733341918;-0.13250844033198;-0.141719930261929;-0.151305831584718;-0.161288570237906;-0.17168754511123;-0.182586275920357
