0.326180318145194;0.341183475466842;0.362889912959647;0.39002665151228;0.422949202982902;0.46039332559275;0.499870415382367;0.540221721844997;0.579813391404931;0.619704578775189;0.661380051534081;0.703582280490082;0.747675759430253;0.793629349786552;0.840668014145243;0.889638727304517;0.945185407865302;1.00900093712128;1.06056657429063;1.09277358438009;1.12019681349088;1.14598387333525;1.1705856844413;1.19431358755822;1.21793585707406;1.24163020135786;1.26578909443973;1.29071380323461;1.31631149748623;1.34254015100641;1.36948315537022;1.39703240376131;1.42501798843598
0.325397164105288;0.34125871777821;0.363684215985365;0.391545789697084;0.425105760098043;0.462489383569724;0.501291155939905;0.540480342052579;0.579030329396067;0.618736499144973;0.659690518554041;0.701544117823359;0.7454709474086;0.790486890221339;0.836979017403345;0.886854295013802;0.945697961327813;1.00578935408429;1.04787141034434;1.07615264306366;1.10143869683728;1.12487290089581;1.14686606340049;1.16833087424332;1.18984645607985;1.21165910207523;1.23419729216045;1.25753498072715;1.28157350126264;1.30634331371719;1.33167728890765;1.35741274946334;1.3834522733422
0.324760570505714;0.341462335295899;0.364516435472679;0.393158278404509;0.427156210273944;0.464234985280192;0.502322600135883;0.540223492167159;0.578175698158117;0.617614963158354;0.657807208669301;0.699536083302157;0.74273171320219;0.786925879344064;0.833205131128648;0.885519450667315;0.946795408177542;0.999212129325639;1.03297559494706;1.05905265295072;1.08200942299168;1.10292376264671;1.1224480381757;1.14184362812956;1.16149831122354;1.18176764816293;1.20290386004147;1.22484746001568;1.24754148269599;1.27086697792191;1.29453243528577;1.3184626079987;1.34269061032412
0.324229142457841;0.341757175483044;0.365429749004076;0.394821473688581;0.429053473727701;0.465640538672086;0.502856077017218;0.539649397068045;0.57729134646327;0.616185486438336;0.655908055092336;0.697266847554303;0.739526981836478;0.783246939680776;0.830231364260232;0.885600091358279;0.944031943519242;0.987178743860891;1.01669855427282;1.04113754207527;1.06170997082451;1.08006573949543;1.09753497930318;1.11513829300292;1.13323982522663;1.15220564884306;1.17211749958619;1.19290813055008;1.21436664184548;1.23615252136354;1.25811863263917;1.2803197781842;1.30279823524014
0.323847759861011;0.342150517996611;0.366436852682221;0.396509114704479;0.430740335576567;0.466748279534724;0.502959119286884;0.538958084344642;0.576302650413186;0.614541032911639;0.653908920295819;0.694485062618646;0.735988999063519;0.779416659953815;0.827977714630013;0.886223962723301;0.937635383386988;0.972525024551462;0.999576398298595;1.02189524600768;1.04045341310871;1.05655636134926;1.07232681240339;1.08854775302014;1.10549937180765;1.12339785575196;1.14225928075243;1.1618930559039;1.18191253450884;1.20204803750155;1.22233584280417;1.24285491451708;1.26364042082313
0.323568303554106;0.342624419950479;0.367608254734828;0.39813285180809;0.432156202451575;0.467491783250703;0.502718730321034;0.538168785941703;0.575156565742911;0.612757200704511;0.651632208488424;0.691298537142836;0.732303800134906;0.775801357782387;0.827841267931581;0.883808830238214;0.926120943259647;0.956163341715879;0.980904160476386;1.00132424972262;1.01808343286544;1.0326564698913;1.04727851766702;1.06251036961575;1.07853915409757;1.09551446169709;1.11337636062668;1.13169294469849;1.15011655929619;1.16859189025341;1.18723747823232;1.20609653978703;1.22517052282682
0.323431597736573;0.343151931663313;0.368789945527165;0.39965958557266;0.433353951358011;0.467891467887175;0.502213274107124;0.537326033120208;0.573770425892874;0.610844202376383;0.648951572048561;0.687867968933088;0.728398164910409;0.773433259914944;0.827639774397978;0.877192412268622;0.911950677069385;0.938691194575909;0.96085837918441;0.979297898755557;0.994645381600461;1.00882919037928;1.02274517893536;1.03711521673175;1.05233329625614;1.06846569817433;1.08521182230109;1.10207002061054;1.11890311845571;1.13580152379966;1.15285672651233;1.17006530869906;1.18737917957718
0.323378355025296;0.343755861247955;0.370033748036847;0.40103900001133;0.434247561416226;0.467978660895014;0.501542077771903;0.53639339550381;0.572202646127652;0.608668970432697;0.645907156417489;0.684206169290779;0.724507055613434;0.772354738947079;0.825447761477624;0.866491772518105;0.895868767165557;0.91966958704321;0.939473516436158;0.955904749184694;0.970787019590845;0.984886176941247;0.998579690664723;1.01238569462172;1.02684132412638;1.04203070656533;1.05744328585698;1.07279987579674;1.088116145313;1.10352514292937;1.11903574656015;1.13461230114255;1.15019263294475
0.323420621814051;0.344425927203598;0.371251139884095;0.402253684751209;0.434862590718325;0.467817901604764;0.500835220289449;0.535292399429137;0.570418773856833;0.606134630212497;0.64259218481264;0.680254825325924;0.721419837326133;0.771660584353781;0.819125613349215;0.852905895268254;0.878306159705149;0.899299548455483;0.916659175688595;0.932121828541212;0.946659398685062;0.960652261040253;0.97436070984638;0.988020314273052;1.00192768021165;1.01603744170974;1.02999802090468;1.04383235503984;1.05768718044263;1.07162452222855;1.08559857090518;1.09955201118091;1.11343944721158
0.323552463808967;0.345150077644869;0.372446317303749;0.403253241618708;0.435263524583752;0.467402708981095;0.500063905366761;0.53398857224273;0.568408693809607;0.603307215946213;0.639028186569369;0.676196618235256;0.719759750441591;0.769420307790285;0.809154950311645;0.837241932288871;0.859282513978955;0.87747021140833;0.8933989440911;0.908182183698289;0.922347504893275;0.936161455814192;0.949782645806931;0.963363252153985;0.976915629262161;0.990075195855164;1.00277259307143;1.01523511761475;1.02767898683093;1.04012196013686;1.05251790905947;1.06480933717812;1.07703355358696
0.323743151659533;0.345936274762391;0.37357565513262;0.404057464729549;0.435388342062515;0.466835025180277;0.49916959672133;0.532444986921999;0.566138026159214;0.600210875836599;0.635178034596247;0.672542386792737;0.718621445678385;0.763932108768015;0.796384398292666;0.81987116803601;0.838869485240668;0.855105300969339;0.870033338339249;0.884171908564442;0.897903940843767;0.911410138931245;0.924750877000027;0.938029370476673;0.951016560104589;0.963373320590215;0.975196329333869;0.986676284950894;0.997946119580481;1.00899106282546;1.0198383265129;1.03053447788189;1.04117655631009
0.323990043393082;0.3467924919952;0.374615540598596;0.404678351489975;0.435321693678162;0.466166676643379;0.498145223657669;0.530685625049673;0.563572055561079;0.596821758164697;0.631085244926585;0.670213101000727;0.716287238979237;0.754617817735408;0.781183124082705;0.801163743371999;0.817704569755408;0.832666814934064;0.846637708158163;0.860099406748554;0.873289092781649;0.88628953746937;0.899175978333541;0.911848726176483;0.923970447712364;0.935519413474588;0.946628098676569;0.957371980910257;0.967721689558399;0.977654562987127;0.987222880007756;0.996571412048304;1.00579625723929
0.324329589027778;0.347651748748569;0.3755331718664;0.405079003661473;0.435058300540122;0.465480094337366;0.496924999316802;0.528683456707827;0.560718991078042;0.593126089445289;0.627103919966029;0.668552467015901;0.711483497608046;0.742699398309254;0.764344209357735;0.781392960037572;0.796426117856329;0.810236957694322;0.823300256634977;0.835997669733188;0.848458159515261;0.860761078892823;0.872919749636094;0.884666019842398;0.89584208362383;0.906563104154809;0.916888976404301;0.92680741929079;0.936230073403861;0.945194687227785;0.95379014309152;0.962098699335573;0.970127299958686
0.324708302802402;0.348485352601791;0.376275243149401;0.405266528992204;0.434592642252392;0.464676368652824;0.495490533855951;0.526419359736834;0.55762112333738;0.589189179111696;0.623950840464785;0.666288635466863;0.703249028802015;0.72832575677758;0.746270561837637;0.761495849113399;0.775157651707512;0.787859861964729;0.800014066168054;0.81180079430617;0.823366825734408;0.834806920412306;0.845918868901796;0.856537494750245;0.866720069066857;0.876532763964811;0.885931574658724;0.894831121553228;0.903241474894284;0.911241025534487;0.918884328458221;0.926164810318292;0.933062136451168
0.325128280447402;0.34928545244426;0.376874863999486;0.40530701456921;0.434025519889294;0.463736933469852;0.493786041783128;0.5239068885197;0.55422213012157;0.585152369339652;0.621833098545301;0.661973630723344;0.69210471930266;0.712314411639946;0.727850916759214;0.741532534312153;0.753956838093916;0.765574570374157;0.776691550944407;0.787449636255918;0.798039045813454;0.808372170527149;0.818239869004262;0.827668172441038;0.836750103112412;0.845440830309391;0.853677482118567;0.861419382285973;0.868761925237736;0.875723651445506;0.882270010874238;0.888407911047241;0.894170476618292
0.3256335896207;0.350029430106843;0.377303930392412;0.405150973621079;0.433389053610508;0.462638949769779;0.491878809927561;0.521130260770232;0.550470476356172;0.581454211523008;0.619357536752686;0.654976522254069;0.678956186855582;0.695517196602805;0.709331179911659;0.721613672579045;0.732821927723697;0.743311350663692;0.753263071313407;0.762954805408932;0.772419481466687;0.781432839978871;0.790010850663603;0.798210777859198;0.806030318465042;0.813382541697023;0.820260814705252;0.826726649078564;0.832825042489201;0.838516732550832;0.843800392325292;0.848724743816805;0.853326473291383
0.326130811653956;0.35074113638803;0.377621407719659;0.404869520869293;0.432705204434543;0.461331676403864;0.48972713482595;0.518065308628258;0.546539326426302;0.578559762838111;0.61571634860029;0.645168262756213;0.664346047200857;0.678543567403616;0.690851033042878;0.701771729888312;0.711721278393266;0.720980643665131;0.729755520183889;0.738305725855559;0.746437530547615;0.754093192340077;0.761341117708176;0.768198543961514;0.774576547022522;0.780474588433939;0.785921363440276;0.790978401290841;0.795614255607378;0.799836143845164;0.803706226412659;0.807233759801095;0.810394155107114
0.326652163777059;0.351325328223816;0.377758378740731;0.404457409389987;0.431908302588871;0.459792341141856;0.487347000986283;0.514729385725374;0.542675210540617;0.575987976015425;0.609800915989766;0.633230938135288;0.649007181263427;0.661502962820475;0.672369953788406;0.681996189552177;0.690624152265101;0.698587641058754;0.706210375801301;0.713444569869625;0.720155947992404;0.726440365234609;0.732278546280359;0.737639222167401;0.742478098054218;0.746846426978094;0.750773236019486;0.754258072932957;0.757308422951509;0.759982599620377;0.762277021139465;0.764166024093469;0.765633301592735
0.327190765799871;0.351811552477373;0.377747186305783;0.403932990163534;0.4309422590772;0.458048524559019;0.484719405285521;0.511084526706055;0.539193281052972;0.572632814693322;0.601565757707576;0.620284973172118;0.633496934867227;0.644447317722274;0.653928104594732;0.662162137193283;0.669443794504585;0.676191965917102;0.682554932893769;0.688362169605495;0.693669420310491;0.698509145023367;0.70282851817575;0.706601305413531;0.709867028850584;0.71262741250493;0.71491396004216;0.716732786167567;0.71813074695951;0.719113064832486;0.719631043149704;0.719696544570482;0.719350943436766
0.327720221241382;0.352144703382167;0.377621536179329;0.403317466836183;0.429814848112189;0.456107838631903;0.481808128758175;0.507253515941536;0.536145649967443;0.567790968320928;0.591341827614356;0.606620576079563;0.617918254974645;0.627419079371593;0.63548262866972;0.642245564800593;0.648238084321609;0.653757374734115;0.658715178939879;0.6630874367577;0.666961636462325;0.670265707591696;0.672997007190273;0.67516201122302;0.676783781679901;0.677867369893464;0.678456401822556;0.678565060138727;0.678196505318065;0.677317235502772;0.675946733191682;0.674115819750745;0.671844150040034
0.328202917331515;0.352379259726682;0.377360471540535;0.402643426634122;0.428526120740721;0.453926880513363;0.478604884320173;0.503560856554508;0.533021774931458;0.561108295458581;0.579897927728239;0.592582946979997;0.60232003994503;0.610360843862445;0.616944604057555;0.622307041623736;0.627041332273933;0.631216801452098;0.634731154291707;0.637654216034381;0.639999257153839;0.641716588968895;0.642820133113059;0.643333877783939;0.643246623619686;0.642619959185091;0.641452745192332;0.639737361146645;0.637471397173312;0.634661374355753;0.631334311067059;0.627500691544668;0.623155228067771
0.328654517756702;0.352503714260852;0.377007895595854;0.4018824203582;0.427032443421805;0.451519349895296;0.475198697487606;0.500143440983174;0.529020707994142;0.552678886371889;0.567955737209747;0.578461884369512;0.586690563660119;0.593245546860821;0.598298052677913;0.60238462826311;0.605815517887254;0.608555272047989;0.610617809820241;0.612042986620338;0.612798961829573;0.612899776024441;0.612339573821564;0.611144971771434;0.609328067205504;0.606925409318297;0.603906202860147;0.600272085481242;0.596036197853933;0.591228959989603;0.585842524553118;0.579890351041437;0.573386231068288
0.32903116698753;0.352569709410461;0.376559010172206;0.400956565612115;0.425331061012203;0.448886286530337;0.471606840173371;0.496855587270999;0.523671115458975;0.543046914042916;0.555586267079678;0.564279885196492;0.571014403096447;0.576029331136786;0.579654817286383;0.582469773960013;0.58450466962616;0.585801237203048;0.586374397732315;0.586242206802618;0.585393315936546;0.583835494962841;0.581586650198585;0.578651071048541;0.575057999389468;0.570784741886009;0.565827301716917;0.560209229499419;0.553950127829815;0.547060193073568;0.539554113940349;0.531456471470549;0.522698356676669
0.329351930208316;0.352481447522682;0.376017957306119;0.399900116617964;0.423438120911259;0.445991791931328;0.468019478011548;0.49336385490949;0.517079744036169;0.532645662613379;0.542867012093158;0.55004235390937;0.55522998834817;0.558736643217823;0.561064124802025;0.562506976117676;0.563126208550311;0.562955293223509;0.56199977889612;0.560279827839236;0.557798654602448;0.554562063803071;0.550589991277454;0.545865154004699;0.540405575497546;0.534195436089503;0.527249670301582;0.519600230986991;0.51127918521478;0.502296420557327;0.492624184842582;0.481932955113978;0.470036163185459
0.329582918481727;0.352300602890491;0.375400864552303;0.398691570047471;0.421342023525841;0.442837865632171;0.464604146703832;0.489202039524706;0.509198436529064;0.521900751844263;0.530104971736458;0.535725441784605;0.539354313160111;0.541434437644779;0.542466612285473;0.542502230592013;0.541678537790862;0.539999136650028;0.537501285840836;0.534171385705809;0.530037308904494;0.525099998899377;0.519339001662711;0.512768667078915;0.505372709881495;0.497177255669111;0.488233139992919;0.478566395312857;0.468157897831179;0.456656810769916;0.443776990898777;0.429430471674895;0.413725353128152
0.329721582458979;0.352013247733534;0.374715464920843;0.397329502407104;0.419024736653381;0.439536125607434;0.461235690429845;0.483964387096153;0.500534105111044;0.510874232218495;0.517223571221644;0.521298199995051;0.523426095158485;0.52416398034738;0.523823011421967;0.522448345029959;0.5201583288476;0.516956207472249;0.512886549997617;0.507937865710829;0.502121588271442;0.495423800570271;0.487819530399895;0.479336192979246;0.469992877658783;0.459850316220664;0.448936108226723;0.43686338811123;0.423282869832531;0.408166068854925;0.391640133668201;0.37406368228349;0.355783124113241
0.329761668865578;0.351634513443429;0.373908361842157;0.395763671862155;0.416494906609476;0.436147090746309;0.457641680799879;0.477876348199592;0.491355697076988;0.499502600991141;0.504249430313042;0.506763714708632;0.507488239046486;0.506901242565091;0.505139702369957;0.502344891133804;0.498567054201591;0.493837007057644;0.488176388245197;0.481581515882932;0.474023920973867;0.465507025515765;0.456037858439896;0.445651051250386;0.434418068601973;0.422110510167214;0.408152854779278;0.392525289476281;0.375468483451497;0.357198700495285;0.338222194522723;0.319447441982921;0.300887656826718
0.329754640324334;0.351206727809334;0.372969263003858;0.394026638430452;0.413754235726583;0.432764544237442;0.453593418506517;0.470974495540441;0.48175268333953;0.487989232146314;0.49118301373699;0.492181645691739;0.491544059376922;0.489602939847713;0.486437525285059;0.482189772814275;0.476909134650281;0.470640418162785;0.463368752233751;0.455066934349999;0.445738151915161;0.435383801214406;0.424077210956199;0.411799827017906;0.397843677949879;0.382018875162835;0.36469569147342;0.346159235944494;0.326689323974076;0.306909552706198;0.287733987396908;0.267977223203029;0.247375500016838
0.329682401307711;0.350686542073208;0.3719180391388;0.392106907327226;0.410802240432201;0.429402395186641;0.448934545149917;0.463370139953901;0.471984478094352;0.476337660446714;0.477988192000456;0.477591063702073;0.475591347857222;0.472272286791641;0.467693698170716;0.461992088788418;0.455206201919211;0.447363637577365;0.438432994003842;0.428393643826784;0.417290185392014;0.405171095859682;0.391658121532369;0.376101844201359;0.35871993821721;0.340159361210259;0.320576479287304;0.300316645149731;0.280205314557122;0.260273490527136;0.239832703727376;0.220602757035231;0.200044910728594
0.329514508917472;0.350095511811498;0.370742165694296;0.390001534136382;0.40770087148686;0.425956077063036;0.443528236718416;0.455366810642995;0.461930768438185;0.464584287250594;0.464748887834466;0.462978449069131;0.459633790721418;0.454909402963904;0.448915961556757;0.441749924657673;0.4334474025859;0.423984273676201;0.413364953250025;0.401625765689669;0.388754788645908;0.373966903179431;0.356978272561604;0.338507316503314;0.319085931023808;0.298815830456116;0.278206346583444;0.25760252397714;0.237461131770011;0.218522165811678;0.197633142556106;0.174053220603852;0.149449929972824
0.329266945867474;0.349452211553111;0.369415443559182;0.387697613091722;0.404555987257061;0.422228341477391;0.437613138003189;0.447037619288925;0.451631587234561;0.452723568822667;0.451456094428207;0.448349243465634;0.443647224477653;0.43753146425247;0.430115005537474;0.421461540225651;0.411597282342843;0.400507241781228;0.388239376152263;0.374600934060056;0.358717993786482;0.340631743957687;0.321437558174174;0.301468062784081;0.280720212541235;0.259748386871489;0.239187948593791;0.220401243461982;0.200205437632273;0.176433118952325;0.151092989928948;0.124345616343827;0.0963852717713064
0.328935361658947;0.348688503521006;0.367913689599781;0.385219030312685;0.401369909127936;0.418101466202603;0.431152444762507;0.438417834842219;0.441194735970216;0.440796259094907;0.438173600744869;0.433687656851629;0.427636573621325;0.420132076239459;0.41127995249304;0.401120781050992;0.389674036143553;0.376989068671932;0.362664298618868;0.345864731290764;0.327081840252014;0.307418280086185;0.287120123935747;0.266019171475439;0.244871970187196;0.225849422741263;0.206603613112905;0.182873326011337;0.157129495779216;0.129670160081745;0.101443565180984;0.0722206498077915;0.0417785533741748
0.32854561639059;0.347817702480497;0.366260919768105;0.382562963711604;0.398142815607568;0.413577044519256;0.424232144786031;0.429623760763591;0.430638376118647;0.42880749455081;0.424836557615548;0.419027066821947;0.411599928699428;0.402706933950186;0.392394227225639;0.380718203678571;0.367720761162314;0.352851200088584;0.335417163160593;0.316184921269806;0.296264392774809;0.275721571296299;0.254158313128814;0.234415669233184;0.215574006732752;0.193047908760405;0.167128460663304;0.139716380585128;0.111506772943021;0.0821118430696008;0.0514559885600106;0.0194437790138764;-0.013995014285281
0.328090507833825;0.346849457275532;0.364453530750103;0.379748306641995;0.394816986976379;0.40853055410629;0.417060598380531;0.42056532662034;0.419975965164267;0.416779343685038;0.41149672648702;0.404346942606901;0.39554833967743;0.385254961484204;0.373465718475793;0.360267194030437;0.345075573984408;0.327244455296192;0.307763933218453;0.287706113052442;0.266918456661623;0.246225825355876;0.227075770188629;0.205945748415616;0.180850821835874;0.153844339353502;0.125777692414238;0.0965808487924199;0.0659207108240464;0.033878305046153;0.000388512697794545;-0.0345897297591944;-0.0708703236761981
0.327562670400683;0.345776939839336;0.362483106986435;0.376844774045522;0.39128426892817;0.403165623995025;0.409632125924914;0.411320605984965;0.409257675407565;0.404727693592149;0.398110060778483;0.389641658970922;0.379480707050379;0.367763612026021;0.354490288091656;0.339174261141695;0.321185018115391;0.30158880270577;0.281442639136097;0.26043377654163;0.240815675248525;0.22093300538175;0.197434724425652;0.171253605320795;0.143647144402733;0.114857606345082;0.0845788766315412;0.0527330704339834;0.0194257116093185;-0.0153785816539639;-0.051701322858511;-0.089411235280615;-0.128579834771571
0.327004352376986;0.344581115581401;0.360334867939201;0.373931959434373;0.387432900082827;0.397418322409562;0.401978309199609;0.401941508046904;0.398496361209029;0.392658783521223;0.384718908420148;0.374912951336456;0.363380720043943;0.35022450710017;0.3349627151711;0.317031762974792;0.297416530198305;0.277226782870833;0.256842785768533;0.236908486268894;0.215688653564509;0.191168331226625;0.164383632150558;0.136254741251005;0.106640817628107;0.0753752984234771;0.0424979312535639;0.00811266962883398;-0.0278096467389464;-0.065298961095141;-0.104303696993563;-0.144862946066219;-0.186429593514488
0.32635106850569;0.343260596921985;0.358034252975938;0.370939756356633;0.383302525069866;0.391292378752249;0.394146852500591;0.392461301302313;0.387687375944916;0.380550494180331;0.371318084518228;0.36015883283771;0.347249663941278;0.33225862371771;0.314559398352114;0.295026974433066;0.27484360083638;0.25501758647398;0.234984879658777;0.212245393425395;0.187266982567485;0.160016332487563;0.131381734285679;0.101006840078335;0.0689181044841367;0.0352009878654791;-6.42901593336855e-05;-0.0369371918184696;-0.0754587196134076;-0.11559117477264;-0.157203467168263;-0.199808906919416;-0.243701803369334
0.32563647798195;0.341806023091931;0.355575911862123;0.36790387664759;0.378871093164306;0.384979513527779;0.386099733497023;0.382893711450164;0.376830178365365;0.368419867428169;0.35789028096521;0.345386698985613;0.330824948703504;0.313569712348186;0.294219308106931;0.274118649948142;0.254476585988673;0.234106428106937;0.210835684408394;0.18549186160004;0.157911839543445;0.128808729346582;0.0978503427721314;0.0651428672962453;0.0307833063223202;-0.0052038958467837;-0.0429004659778243;-0.0822943321501697;-0.123363227275112;-0.165885907296772;-0.20956943611422;-0.254729140002664;-0.3016877859525
0.324814909102481;0.34021495274905;0.353003409431392;0.36473343672826;0.374162725703763;0.378446710400993;0.377905349303461;0.373300327913308;0.365964061388109;0.356260214594021;0.344432146545642;0.330445143973347;0.313821678410345;0.294812726370581;0.274828429193856;0.255297826035411;0.234654498772892;0.211276508340251;0.185767966246858;0.157939227951841;0.128492121052753;0.0971191308673416;0.0639462335426892;0.0290898642149627;-0.0074713815407757;-0.0458562993500469;-0.0859426811218554;-0.127861738592931;-0.171250076353913;-0.215967757504383;-0.262305882438789;-0.310457627051856;-0.360086122869898
0.323908570444454;0.338489366971113;0.350369467036595;0.361342339632305;0.36923918231937;0.371750531534731;0.369574871418143;0.363669649744533;0.355063328617063;0.344089451714472;0.330893742757508;0.315063428435901;0.296592820423129;0.276799276996127;0.257329665121167;0.236716402819609;0.21333351005297;0.187842082792539;0.159877630490368;0.130267617004961;0.0986582074548816;0.0651817502241904;0.0299673569372044;-0.0070570834576333;-0.0459564514896845;-0.0866493400331783;-0.129325599137499;-0.173510287318457;-0.219157597728015;-0.266497272394342;-0.315626125680043;-0.366211029379961;-0.418804561785564
0.322910263695176;0.336628259641511;0.347716874104205;0.357743596885955;0.363968693171422;0.364878931752102;0.36115364587085;0.353980094783074;0.344132137627475;0.331884989997308;0.317056299957603;0.299368123028563;0.279889011027387;0.260374973292654;0.240048275038359;0.21689252483639;0.191528131881107;0.163617592264965;0.133928130248631;0.102266355745621;0.0686771227145043;0.0332177193301652;-0.00414704806920593;-0.0434221879314673;-0.0846389485094733;-0.127916401544906;-0.172795597236132;-0.219219184662487;-0.267317248710878;-0.317151446247824;-0.368475680768166;-0.421827716857481;-0.476797832036874
0.321822931492212;0.334623224545974;0.344986766540857;0.353982966326311;0.358511058236934;0.357841491610928;0.352654847625207;0.344253273349729;0.333165258157483;0.319519517172121;0.302887922876477;0.283915385596332;0.264441553265786;0.24442817145605;0.22171439071421;0.196653843110967;0.168989561370228;0.13934229865998;0.107792475554899;0.0741971902814974;0.0386510533892809;0.00108740091076217;-0.0384646186221054;-0.080061589144163;-0.123783891131735;-0.169175636030265;-0.216182026043346;-0.264819854109809;-0.315148993684666;-0.367102816275;-0.421103925413719;-0.47690457784222;-0.534383671255862
0.320638700462149;0.332490464327433;0.342192522717653;0.349979538798233;0.352857314091826;0.350681790360281;0.344126900469914;0.33451881800465;0.322144494099089;0.306866679579684;0.288707917293331;0.269364260975868;0.249645662198552;0.227556513595038;0.203016485287793;0.175786610735822;0.14635700366258;0.115052288540217;0.0816118904102778;0.046077967097404;0.00843429330656238;-0.0312484089057453;-0.0730727754386136;-0.11703843225578;-0.162790237333521;-0.210162448881206;-0.259180074594915;-0.309882410762226;-0.362406609502082;-0.416969394557235;-0.473557090152316;-0.531794326770055;-0.591691211553073
0.319338645253562;0.330249191351226;0.339317068481569;0.345796097085897;0.347073891079113;0.343401891124257;0.335573237214314;0.324729376444468;0.310951661322655;0.294033861267404;0.275042848962334;0.255570883064686;0.234296776367796;0.210344442302303;0.183802645026435;0.15475261986027;0.123765901765959;0.090640226908209;0.0552908932602514;0.0177191503781784;-0.0219663135100931;-0.0638039647010279;-0.107869194750753;-0.153786946305899;-0.201372234177905;-0.250660708558113;-0.301675721804641;-0.354675099840549;-0.409731703090907;-0.467030516305492;-0.52596454025333;-0.586280973385166;-0.648273880012951
0.317931147727361;0.327944913321603;0.336300663814022;0.341459378430105;0.34117501377497;0.336008364800671;0.326964906802235;0.314874313943282;0.29954520658812;0.281379781872146;0.262170999854637;0.241694655397713;0.218589084173515;0.192793874620795;0.164336343663591;0.133775394211812;0.10113827496967;0.0660849283183718;0.0287600191975265;-0.0107670070883867;-0.0524675744221307;-0.0964496137749095;-0.142396504824426;-0.190063334087199;-0.239521591815515;-0.29078718061145;-0.344169962120434;-0.39969808169409;-0.457545182937317;-0.517023207942811;-0.577842428809575;-0.640558310552208;-0.705443958103241
0.316415987096414;0.325607588768642;0.333130947459311;0.336836445449689;0.335140619115864;0.328539959281922;0.318311047905207;0.30485043764936;0.288063290752028;0.26930429820441;0.249507777591147;0.227409135320284;0.202569741493105;0.174883132341418;0.144927456636087;0.112840721593767;0.0783149748309164;0.0413637695916612;0.00214818468795958;-0.0392754409000026;-0.0830054858121746;-0.128836516250637;-0.176457241857852;-0.226010441610847;-0.277474573229235;-0.331122693258655;-0.387121906302693;-0.445343555851127;-0.50524389149399;-0.566778442050239;-0.630305672265544;-0.696145633481316;-0.764474341687666
0.314789289304732;0.323244298887388;0.329834644676575;0.332078099610651;0.328943260165775;0.321019062792148;0.309607997612882;0.294676709639179;0.276810489400516;0.257613899374291;0.23661466494448;0.212851611492395;0.186223853869248;0.156980907605944;0.125561086549692;0.0917336141616602;0.0552971089964854;0.0165792826902771;-0.024431908527315;-0.0677474947659113;-0.113345284830431;-0.160800921402022;-0.210356772566367;-0.261923469660611;-0.315750058122533;-0.372095680516615;-0.430595327058236;-0.490968505759747;-0.553070418780423;-0.617411803018874;-0.684219448563532;-0.75362299974111;-0.825936834715189
0.313033851786423;0.320803096796081;0.326403860328828;0.327161458039557;0.322651799093223;0.313485660361832;0.300761458305087;0.284472403422196;0.265991899584052;0.245989858458963;0.223492231675555;0.198066398764007;0.16980317520439;0.139141485475877;0.10612890812547;0.0704308306958944;0.0323183799476201;-0.00813270601858553;-0.050929112797822;-0.0961305577853326;-0.143330710837614;-0.192743827659752;-0.244311546214314;-0.298247730230046;-0.354819802436402;-0.413542104237648;-0.474284842363123;-0.536887750783376;-0.601830672969466;-0.66944610484412;-0.739540171589971;-0.812720097640245;-0.888514759944827
0.311184152967363;0.318319506024422;0.322808765203723;0.322142496359314;0.316286062386267;0.305883064301475;0.291793804726586;0.274469067196232;0.255390454818745;0.234206725787528;0.210130955020923;0.183083372916829;0.153379252183989;0.121228567385474;0.0864891218172772;0.0491107784179543;0.00939629011555497;-0.0327738426070408;-0.0773678701305423;-0.124237961226856;-0.173358295759566;-0.224812814580407;-0.278781429155823;-0.335428159052556;-0.39432933951011;-0.455316046779014;-0.518250571202887;-0.583616801187912;-0.651691758672506;-0.722279637872347;-0.796016920854558;-0.872207542855187;-0.950629220093018
0.309242055809199;0.315758687011672;0.31910841644296;0.317040080590267;0.309803964120004;0.298190133618952;0.2827641511192;0.2647617889501;0.24481605530727;0.222249040964026;0.196627757404385;0.168090877061409;0.136984367827883;0.103232282896294;0.0668167256554117;0.0279427009764481;-0.0134603767255182;-0.0573366267321523;-0.103732952454655;-0.152408557890876;-0.203635628162165;-0.257486641442604;-0.31406293816864;-0.373075427355242;-0.434035001676385;-0.497180530158228;-0.562679707633951;-0.631002157729459;-0.70192968573424;-0.775849496491713;-0.851789855683105;-0.929496733544923;-1.00898981723157
0.307242262941589;0.313083136351645;0.315216777160137;0.311844038018259;0.303246388402203;0.290372079613194;0.273877845914336;0.255197232050436;0.234128916279688;0.210110136901898;0.182980531675472;0.153055475730541;0.120484573306606;0.0851723663873503;0.0472306230106699;0.00678973923012159;-0.0362793802469142;-0.0819708787180334;-0.130094813547995;-0.180931771655347;-0.234482341760279;-0.290884145010082;-0.349801253437142;-0.410634971603363;-0.473738075569067;-0.539226389325565;-0.607517014341087;-0.678489154514288;-0.75207221191098;-0.827294472369048;-0.904374830761933;-0.983564459444513;-1.06494218750501
