0.00827192725491853;0.0098588009523324;0.0131391256388405;0.0169404427613143;0.0202884155699598;0.0213249300375635;0.0203453870699296;0.0180260648739025;0.015651038884678;0.0146164589956527;0.0139264394503851;0.0135596559004931;0.014039089945282;0.014726489400008;0.0155016923088715;0.0166671320294614;0.014334732297096;0.00501126993393644;-0.00724552824650407;-0.0139188348532655;-0.0146517351432906;-0.014507732534086;-0.0140812442443835;-0.013579758252688;-0.0131427925141375;-0.0127479097594142;-0.0122572021467071;-0.0117782666678201;-0.0113950137018134;-0.0110560845693651;-0.0107743574081876;-0.0105898828149815;-0.0105224719088679
0.00920074367952792;0.010868159149769;0.0144105748220542;0.0183684286218789;0.0212886383797553;0.0216535425306245;0.0201600898059967;0.0176680826827574;0.0158036914557794;0.0150503422834433;0.0144052639645298;0.0144068342750029;0.0149623249260598;0.015663099311832;0.0166843990393892;0.0170043726412967;0.0121296644927313;0.000350459585545526;-0.0102978368571684;-0.0142011107473711;-0.0145481992464094;-0.0142718138924205;-0.0138002044045083;-0.013293108564864;-0.0128471740748762;-0.0123220300513208;-0.011734692361655;-0.0112395143167394;-0.0108223878815117;-0.0104728925798134;-0.010233801310741;-0.0100854100425955;-0.0100265634043279
0.0101438190780318;0.0118961844902949;0.0157389268411477;0.0197285633064066;0.0220512255379501;0.021805980682517;0.0198508295077657;0.0174465591037332;0.0161240427453546;0.0154542572791833;0.0149784563183555;0.0152209170578611;0.015774554866882;0.0166095982404135;0.0177327973719998;0.0162802437390352;0.00833899087431636;-0.00372710777433594;-0.0116921460499487;-0.0140022140167201;-0.0143625841173173;-0.0140378766799245;-0.0136014663149016;-0.0131035087789421;-0.0125441522838485;-0.0118790855625778;-0.0112468128366348;-0.0107033119003518;-0.0102654175905561;-0.00997655904299491;-0.00980489682075299;-0.00967051265479731;-0.00960426020005446
0.0111246515410491;0.0129740908351307;0.0170945426135927;0.0209595913713284;0.0225886499465384;0.0217775683001644;0.0195211344467768;0.0174230990437995;0.0164835352243722;0.0158532921993994;0.0156293766254982;0.0159539071567082;0.0166027776302705;0.0176303762223151;0.0179047814285121;0.0139990404360389;0.00369305353810545;-0.00651021136715932;-0.0115454730189951;-0.0135613960360924;-0.0140938531080203;-0.0139254251018376;-0.0134935743735509;-0.0129366567032414;-0.0122152552446046;-0.0114388608674434;-0.0107499564577996;-0.0101946450782259;-0.00982623029182571;-0.00961045048197895;-0.00943346340406427;-0.00925209033251519;-0.00916228345787996
0.0121255601286669;0.0141076497377829;0.0184503086177889;0.0220165316865377;0.0229360761138195;0.0216029921264484;0.0192441721813852;0.0175703383721405;0.0168316938294911;0.016276483401152;0.0162295862305829;0.0166403057452489;0.0174283148735557;0.0182407915521255;0.0171479558845282;0.0103055299385693;-0.000378475137306156;-0.00781397769557471;-0.0111530951118109;-0.0129087068792026;-0.0138084947472391;-0.0138865812381461;-0.013383945807741;-0.0126914857213574;-0.0118525477802893;-0.0110022552574892;-0.0102715651907996;-0.00975315886623525;-0.00944352452109959;-0.00922863926273415;-0.00902288422448889;-0.00882115311760061;-0.00872338150609028
0.0131544257299249;0.0153156779785161;0.0197596899499247;0.0228469318339916;0.0231146626559549;0.0213496672894282;0.0190835782213869;0.0178109067197366;0.0171635579261327;0.0167185215755734;0.016783963752905;0.017349231327862;0.0180886452792366;0.0181722926013611;0.014899528775398;0.00603583601450886;-0.00318906672481439;-0.00817665918556387;-0.0106045075037386;-0.0122937938092641;-0.0134614829185135;-0.0137260315772534;-0.0132411713513612;-0.0123670642874613;-0.0113773158007293;-0.010449459764624;-0.00976154373796749;-0.00936561402003744;-0.00912244039306816;-0.00889717098444041;-0.00866593445925576;-0.00845400281638145;-0.00835621528100192
0.0142020529758768;0.0165532248227348;0.021002199193006;0.0234905834728977;0.0231276826031925;0.0210649316458333;0.0190565227805007;0.0180816419805368;0.0174752286321464;0.0171445270683308;0.0173571751872457;0.0179688268000834;0.0183346857131858;0.0171629486466355;0.011465465957243;0.00228650010697082;-0.00475314148413267;-0.00829138257504525;-0.0102215599345767;-0.0118015453907776;-0.012951356187747;-0.0133313261460574;-0.0128634321586995;-0.0118235956972736;-0.0107474883721794;-0.00989242700848297;-0.00937146364934904;-0.00908792812023509;-0.00884937600342955;-0.00859649209526221;-0.00835507052291336;-0.00815078189029275;-0.00805878524166986
0.0153108826351339;0.0178224781251443;0.0221288075097938;0.0239350003445741;0.0230154621391086;0.0208131000200625;0.0191436078455096;0.0183630255541445;0.0177524116247807;0.0175415185565409;0.0179046869709034;0.0182660027753199;0.0178324927957388;0.0151167500623389;0.00794437786460628;-0.000574917626402965;-0.00575238125465005;-0.00823900884808157;-0.0100565912028233;-0.0114950444777461;-0.0123433570230485;-0.0125007948427609;-0.011974878946462;-0.0111098017997853;-0.0101815887253792;-0.00949436585041104;-0.00911807595482519;-0.00886160527502179;-0.00859240858199442;-0.00831923499249697;-0.00808491157316371;-0.00789295849625796;-0.00780590315300239
0.0164759443624326;0.0190749109826703;0.0231001262617676;0.0242080106510765;0.0228227847354305;0.0206605864025523;0.0192991280262179;0.0185902607928453;0.0180018126144839;0.0179501886519521;0.018255186428861;0.0180097765591231;0.0167533568034157;0.012451994333619;0.00447033085248594;-0.00259226760022013;-0.00631398943289421;-0.00839487471717784;-0.0100380866338722;-0.0111645822994521;-0.0115519761765618;-0.0112977489159071;-0.0108123665396569;-0.0102261169758453;-0.0096386765133078;-0.00922968653054237;-0.00896154645719238;-0.00867718561219712;-0.00836657422464428;-0.00808312838252842;-0.00785310892686127;-0.00767037475941988;-0.00758922083667915
0.0177019120131723;0.0202960087999603;0.0239023937034761;0.0243347370170416;0.0225884072173481;0.0205892869407072;0.0194857509623033;0.0187744534171859;0.0182434285838648;0.018299928576727;0.0181964326583966;0.0172662125974901;0.0151204261554003;0.00944826580695551;0.00147921983149829;-0.00404148254894665;-0.00681735793888982;-0.00867211595022233;-0.0100495535228102;-0.010634264066645;-0.0105044930119553;-0.0101160447254724;-0.00968021930331077;-0.00926875648428023;-0.00901025799044426;-0.00890099753147175;-0.0087491083706227;-0.00848066092217944;-0.00817358482425314;-0.00790355642340655;-0.00768476925197438;-0.00749686814718641;-0.00740704909671244
0.0189971091481569;0.0214650285458189;0.0245257990444292;0.0243260832706287;0.0223512373870562;0.0206010981475111;0.0196664541218839;0.0189102083850969;0.0184878866772862;0.0184093212006253;0.0175217055209387;0.0161954970740034;0.0132602179896915;0.00632006785498992;-0.0010238409828684;-0.00515693888600333;-0.00739983075297751;-0.00902003328589601;-0.00981956705653958;-0.00981342757003095;-0.00947053424495226;-0.00909047365239245;-0.0087230040424999;-0.00845892193602664;-0.00839394881385301;-0.00839878761865656;-0.0083109058826758;-0.00813370744758825;-0.00793400145075419;-0.00774292217745813;-0.00755642393232976;-0.00735677391914445;-0.00724896034087252
0.0203427762117263;0.022564354878983;0.0249750099100849;0.0242189974330224;0.0221584730379761;0.0206573264109674;0.0197948056269739;0.0190014204290719;0.0186380301753477;0.0180492163371889;0.0165815450458732;0.0150113272762795;0.0107402948937456;0.00316907921493959;-0.00285478652633586;-0.00607872869254297;-0.00802485024593425;-0.00912159628360407;-0.00929277768829284;-0.00897740934519412;-0.00860220046223457;-0.00824171192085126;-0.00795348135133522;-0.00784763573172421;-0.00786486707036534;-0.00784051176273741;-0.00774995539071796;-0.00765017423733978;-0.0075656506763868;-0.00747039095297625;-0.00733611208988101;-0.00716196942214432;-0.00706654332608456
0.0216533615317787;0.0235443764446619;0.0252635967141591;0.0240410030251299;0.0220375905632356;0.0207367846736542;0.0198554893754241;0.0190699298360755;0.0185421078720928;0.0171344612201545;0.0155962386396667;0.0137265833038901;0.00785534437200122;0.000288564284211396;-0.00444781233824235;-0.0069661744428674;-0.00842034405253059;-0.00888395099096215;-0.00865919775259633;-0.00829730210990975;-0.00793169074063441;-0.00759880750760324;-0.00741040061666197;-0.00738702005551499;-0.00737651764058628;-0.00731030799303138;-0.0072294802890016;-0.0071790859181845;-0.00714003858805842;-0.00707310374325748;-0.00697027780237898;-0.00685907489476523;-0.006808826700193
0.0228876595701148;0.0243810802733918;0.0254146221880618;0.0238314143205461;0.021972915889324;0.0208109931600695;0.0198501111040792;0.0190533948379028;0.0180319918034623;0.0159684243236788;0.0146874572918615;0.0118424237187346;0.00468308710914583;-0.00207617786387365;-0.0057401395796236;-0.00766256185512385;-0.00847290902843248;-0.00843088792901817;-0.00813620686808982;-0.00779280408372324;-0.00743980560311629;-0.00717735369045792;-0.00707819318206189;-0.00702637878870686;-0.00693644483359862;-0.0068452688582382;-0.00679894344191123;-0.00677870941062769;-0.00673674822542362;-0.00666416098345614;-0.00658953389347952;-0.0065315590659084;-0.00650644482013116
0.024011081546511;0.0250774392254361;0.0254558496176741;0.0236208104793008;0.0219338400876593;0.0208353603766291;0.0197936009477133;0.0188251530452028;0.0169976868121389;0.0150046960697981;0.0137727284409084;0.00916564562452443;0.00152762436497;-0.00397940871283686;-0.00678130257851894;-0.00798076630830075;-0.00823446331307803;-0.00805827108160342;-0.00776965463744263;-0.00743103776040936;-0.00711268494517635;-0.00694136170002473;-0.00685280213490502;-0.00673647410823303;-0.00661515557412487;-0.00653503120869625;-0.00649269376944478;-0.00644084562288573;-0.00637090149041199;-0.00631044029357022;-0.0062719859742197;-0.00623073896834843;-0.00620099514202915
0.0249594078267454;0.025607425840042;0.0253968776595404;0.0234534509751595;0.0219144837033087;0.0207917476441955;0.0196338770807489;0.0181910252498266;0.0156811178020999;0.014220569228186;0.0124499402066371;0.00613288213325602;-0.00129112416168992;-0.00556872996640456;-0.00739321031864643;-0.00799904295687331;-0.00801438026076262;-0.00782635491842745;-0.00752976049841995;-0.00717936819559148;-0.00694058590472334;-0.00681255666426106;-0.00667658013680179;-0.00653614258497147;-0.00643523144337833;-0.00637123998462269;-0.00629992596410067;-0.00621232325711543;-0.0061347210590748;-0.00607731751443673;-0.0060217681916057;-0.00595712433964318;-0.00592362347637149
0.0258015702765005;0.0260240768343406;0.0252538651366522;0.0233022744326077;0.0218706083529378;0.0206691785369244;0.0192868093327091;0.0171379186386637;0.0145449401162237;0.0135320610827872;0.0102977752510698;0.00285592079541389;-0.00355965316790471;-0.00663963150945915;-0.00767079002448093;-0.00794194641103174;-0.00790836738355956;-0.00770396464323406;-0.007361162645606;-0.00705708162833965;-0.00688551217031105;-0.00673488101066352;-0.0065755825150715;-0.00645497196952291;-0.00637215134891202;-0.00629149180470526;-0.00619431900828521;-0.00610500913558551;-0.00603473009384221;-0.00596214540120996;-0.00588324426736977;-0.00581855083857594;-0.00579502946818031
0.0264339335692437;0.0262891974717929;0.025074973056915;0.0231819564189274;0.0217784273810492;0.020450407779726;0.0186655424983738;0.0157782623172333;0.0137116744748544;0.0125716041436277;0.00740447222437418;-0.000254862789426158;-0.00523169153597253;-0.00720915653501758;-0.00777711164981348;-0.00795749347006691;-0.00790574493641893;-0.00762518736595046;-0.00727879515069882;-0.00705771676766281;-0.00688991010818128;-0.00671529461308552;-0.00657756215210874;-0.00647874932987311;-0.00638723578298689;-0.00628466229299041;-0.00618964530083947;-0.0061065344803035;-0.0060213021898735;-0.00593588919129191;-0.00587046564698633;-0.00582758952528122;-0.0058086003919014
0.0268783033271666;0.0264249052217262;0.0248742192324175;0.0230633163391021;0.0216452576912608;0.0200824902710011;0.0176514118333375;0.0144089796442208;0.0130499076512063;0.0109977689955277;0.00425215979165774;-0.00282871969500217;-0.00640735999900313;-0.00753708157094188;-0.00791653892713802;-0.00806421196020568;-0.00792696415269875;-0.00758492195763302;-0.00730520732768931;-0.00712197212685578;-0.00693877286468558;-0.0067834961459845;-0.00667128162431646;-0.00656807472560465;-0.00646565715248283;-0.00636567148897299;-0.00627102918673207;-0.00617991587601441;-0.00609316371644968;-0.00602831034535377;-0.00598264793360841;-0.00593523870528447;-0.00590727820986861
0.0271293942151315;0.0264552722988802;0.0246932635983736;0.0229389113374677;0.0214413716014985;0.0194683292844826;0.0162890269845576;0.01332501311004;0.0123371896541953;0.00863056073375396;0.00106629849644807;-0.00472773154648548;-0.0071013476303026;-0.00780385625898175;-0.00814250308010943;-0.00820935921131279;-0.00794900225389936;-0.00763392972447843;-0.00741903602187602;-0.00722621268728674;-0.00705586096639384;-0.00692961036350731;-0.00681874624978436;-0.00671158621111642;-0.00661027469084491;-0.00651253495479173;-0.00641426280361239;-0.00632953509817824;-0.00626673292579558;-0.00621961255457384;-0.00617332798679063;-0.00612275173001099;-0.00609877281865823
0.027256985010275;0.0264072219960641;0.0245225331561027;0.0227844025738325;0.0210943021539615;0.0185363175703983;0.0148149754672969;0.012538817334772;0.0112093141394134;0.00567527325034434;-0.00174447224256521;-0.00600439570962916;-0.00754581486693739;-0.00812379202866984;-0.00841159838228822;-0.00833565596141476;-0.00802488466087846;-0.00777441701091651;-0.00757672861186282;-0.00739213938503515;-0.00724838713094171;-0.00713020719966483;-0.00701694546254938;-0.00691460570800656;-0.00681364204637058;-0.00671288201350151;-0.00663187387990673;-0.00657202310813423;-0.00652402165033487;-0.00647878296113359;-0.00643441484994588;-0.00640240210178397;-0.00639220819961943
0.0272657592689718;0.026288816590975;0.024343143770148;0.0225653892431221;0.0205628194043955;0.0173257627241698;0.0134555234660179;0.011826499863876;0.00941898959984347;0.00262162234383709;-0.00389667746700526;-0.0069293915027904;-0.00797386079041301;-0.00850721501449912;-0.00866410781961457;-0.00846044006842338;-0.00818665408021282;-0.00797601468243485;-0.00778129617190192;-0.00762182972088946;-0.00749336291813134;-0.00737661959426615;-0.00726910711467009;-0.00716606572528444;-0.00706997317047144;-0.00698850176814894;-0.0069320553249283;-0.00688740732123228;-0.00684534113066324;-0.00680924500110978;-0.00678046478850534;-0.00675941088453064;-0.00674901123200573
0.0272271182221831;0.0261259779144077;0.0241192064974558;0.0222764127495547;0.0198123243300025;0.0158547979842276;0.0123207687190127;0.0109523127761704;0.00704197774767525;-0.000197777890148187;-0.00547200416406006;-0.00763147381515775;-0.00845093934380055;-0.0088990072640395;-0.00888242223084661;-0.00863833624477209;-0.00841748640661411;-0.00822041418612195;-0.00804522764338694;-0.00790121117856343;-0.00778016040455372;-0.00766824284083588;-0.0075639055037087;-0.00746998175276428;-0.00739411928030677;-0.0073416624418825;-0.00730100997194778;-0.00726465582495643;-0.0072330264101144;-0.00720277679875829;-0.00717595035096122;-0.00716983513869008;-0.00717491729453407
0.0270791295581441;0.0259293837072948;0.0238964807341365;0.0218728001926481;0.018772043448362;0.0142854474753608;0.0114141641641169;0.00975997351612964;0.00429028553221493;-0.0026872170762485;-0.00662677514904532;-0.00820217816625853;-0.00895409352958683;-0.00924167674820248;-0.00911235804493857;-0.00889217984144886;-0.00869124525040803;-0.00851117489245438;-0.00835615488839457;-0.00822213088121426;-0.00810706763701891;-0.00800071576556927;-0.00790985170309264;-0.00784084789219205;-0.00779050830512537;-0.00775697056940526;-0.00772455627053462;-0.00769024454918513;-0.00765666186561775;-0.00763837391523264;-0.0077186478692873;-0.00792924752435105;-0.00805994215036292
0.026882634328431;0.0257240062730045;0.0236426349501503;0.0212998602383392;0.0174506744668158;0.0128502537962975;0.0106058014288427;0.00796920065725865;0.00150162460489789;-0.00457535010843739;-0.00756892802950838;-0.00881743105190606;-0.00943948329057001;-0.0095518343238727;-0.00938586216225155;-0.00919921436548413;-0.00901020909183978;-0.00884603950212491;-0.00870269608549497;-0.00857876843793259;-0.00847089301999396;-0.00838482915584464;-0.00832053875406567;-0.00827614775710245;-0.00824704250760065;-0.0082128765634975;-0.0081724195402627;-0.00814570622999207;-0.00822331364789546;-0.00847404023146255;-0.00882902821397103;-0.00918771201137948;-0.0093565340912093
0.0266601087770002;0.025513143689556;0.0233318093589779;0.0205010488730986;0.0159358469068148;0.0116096337216606;0.00959867988404817;0.00575674057588049;-0.000987672520658664;-0.00606686048643457;-0.00841898744435195;-0.00942741145592346;-0.00988375232518345;-0.00987466855639835;-0.00971059910896578;-0.00953982525262181;-0.00936923271127199;-0.00921787455831849;-0.00908341566225578;-0.00897171715456536;-0.00888667452888288;-0.00883032357032056;-0.00879097737768626;-0.00875766658068254;-0.0087218523006847;-0.00867681900693465;-0.00874266359116087;-0.00901970252904525;-0.00941026429775609;-0.00978511692953773;-0.0100403189147974;-0.0101297944702125;-0.0101343868909696
0.0264206161647389;0.0252749191673616;0.0229223201585194;0.0194750479567573;0.0143222025795896;0.0105078887238529;0.00836914237793858;0.0033562162117334;-0.00321221410326791;-0.00731253350697604;-0.00917656938118358;-0.0100042053986645;-0.0102884779482349;-0.0102344184714802;-0.0100835790024918;-0.00991573297895446;-0.00975810267843229;-0.00961957351856255;-0.00950124448557631;-0.00941633171204567;-0.00936248085464857;-0.0093251209750965;-0.00929026043815125;-0.00924467271040645;-0.00926521802055873;-0.00952815786012867;-0.00997336662211049;-0.0103696247482024;-0.010649137041415;-0.0107403741945293;-0.010470466550648;-0.00996263483741715;-0.00970432984891387
0.0261548003464894;0.0249808968017683;0.0223697841752578;0.0182120514473822;0.0127451126862461;0.00949366720807722;0.00680151217535045;0.000879715406293641;-0.00509144242829744;-0.00836598461910606;-0.00988742468794469;-0.0105390823399475;-0.0106995116482728;-0.0106277765189465;-0.0104851242454236;-0.0103275728802427;-0.0101774519686047;-0.0100543329825527;-0.00996874943193957;-0.00991345659863382;-0.00987663306850053;-0.00983593635286906;-0.00979934569082075;-0.0099992068777025;-0.0104868562537079;-0.0109395368214192;-0.0112062393658562;-0.0113172011926179;-0.0111824261996245;-0.0106399581221824;-0.0101817929047233;-0.0101080246223913;-0.0101051007629467
0.0258506718673839;0.0246414741534783;0.021648042050169;0.0167284567648401;0.0113139438163976;0.00845723893154576;0.00485580551837274;-0.00143860977514272;-0.00662594318183669;-0.00936441582073314;-0.0105618985788461;-0.0110436674199213;-0.0111338669087115;-0.0110519311427406;-0.0109104967723311;-0.0107633432632445;-0.0106316417051175;-0.0105386691210458;-0.0104849075674609;-0.0104396809874777;-0.0103902426813299;-0.0104649184454132;-0.0108786599782295;-0.0114525060522156;-0.0117820507898087;-0.0118665205022572;-0.0118000426748433;-0.0114022490154032;-0.0107911895041398;-0.0103769772994622;-0.00961517309584621;-0.00911391110277375;-0.00925448795619371
0.025546408068879;0.0242563337376291;0.0207259370142128;0.0150883497877499;0.0100145823300939;0.00723825495225162;0.00274131216085424;-0.00350011965996987;-0.00798370319661133;-0.0102697170502559;-0.0111922446839267;-0.011540856559417;-0.0115948054615608;-0.0115048124561061;-0.0113618290479497;-0.0112267336632848;-0.011128382255476;-0.0110695698890654;-0.011016877489587;-0.0109728795239822;-0.0112159591268794;-0.0118337322286663;-0.0123348558008236;-0.0124503339628321;-0.0123614579186207;-0.0120821542518714;-0.011568491035786;-0.0108493210872122;-0.00974972183826348;-0.0093830760446629;-0.0102610670808865;-0.0108933716057923;-0.0109587602174334
0.0252554978296216;0.023788971114259;0.019572635519009;0.0134120377280922;0.0088111146541035;0.0058511991950292;0.000578978431700267;-0.00540717770840739;-0.00921659512826085;-0.0110642997387235;-0.0117870141033729;-0.0120441430099901;-0.012074904337247;-0.0119758760897602;-0.011842594914069;-0.0117359609908066;-0.0116635089153414;-0.0116074874216784;-0.0116212775760122;-0.0120194342429297;-0.0127316571519787;-0.0130894242053028;-0.0129733496784985;-0.0127371624434757;-0.0123419482080299;-0.0116054897799233;-0.0102555125937852;-0.00949895669004632;-0.0104816649481886;-0.0115648448208783;-0.011981192610362;-0.0122999482675294;-0.0124345094530968
0.0249236175091245;0.0231953345604356;0.0182306983768594;0.0117920024523582;0.00762690821719729;0.00423528263421906;-0.00156507871700978;-0.00708734591759985;-0.0103116234630615;-0.0117966769700472;-0.0123728686157752;-0.012567546269628;-0.0125684370915928;-0.0124694236431563;-0.0123561256750366;-0.0122797859067864;-0.0122110903746885;-0.0122997818333285;-0.0128470093757341;-0.0135413769856502;-0.0137043673507045;-0.0133983038003445;-0.0130562547388228;-0.0125485939396567;-0.0111095194928581;-0.00976975343737555;-0.0106765539398166;-0.0122165827227645;-0.0128591238572425;-0.0130758013453982;-0.013047251593949;-0.013162273605616;-0.0132494755853321
0.024517499203207;0.0224512775201041;0.0167197804840822;0.0102636890353062;0.00643932905819385;0.00239778890953186;-0.00360231418881778;-0.00854863483831846;-0.0113383106842505;-0.012495674529424;-0.0129495816182091;-0.0131009385197088;-0.0130841197012552;-0.0129920799832267;-0.012902498128057;-0.0128340727843963;-0.0129855997842992;-0.0136315956591059;-0.0142705606694214;-0.0142366482138916;-0.0137819233686417;-0.013449188829003;-0.0122923981370993;-0.0105333526974032;-0.0107873626826968;-0.0125684493991094;-0.01356635475235;-0.0136600918409236;-0.0136431891596;-0.0137813313217522;-0.0139722985171499;-0.01421282752926;-0.0143469568652254
0.0240248103579067;0.0215300947199497;0.0150668416156243;0.00883745698129228;0.00514235967528966;0.000465441744102055;-0.00547726228641543;-0.00990229467588813;-0.0122599085648715;-0.0131560983396356;-0.0135303973042717;-0.0136507391662619;-0.0136213636571996;-0.0135423430792367;-0.0134749162557511;-0.0136586329944382;-0.0143473366872817;-0.0149295039251503;-0.0147382817585675;-0.014197251208146;-0.0134209342052842;-0.0118721478521679;-0.0112019784759415;-0.0126146102780175;-0.0139720496740508;-0.0142451116177053;-0.0142346690685772;-0.0143635809592267;-0.0145838476388062;-0.0148026404011933;-0.0150615577419094;-0.0153066702526968;-0.0154114689107195
0.023436236278524;0.0204279885424818;0.0133393420245636;0.00748159447242357;0.0037707209934618;-0.00148811648331053;-0.00726582235362845;-0.0111499990572501;-0.0130848553799964;-0.0138138161523245;-0.0141188050977148;-0.0142069058539795;-0.0141826219190584;-0.0141233625738531;-0.0143132356746729;-0.0150037308113545;-0.0155412717872708;-0.0152501261344599;-0.0146712200501422;-0.0133600297701208;-0.0119192906371546;-0.0125360489448334;-0.0140825179186593;-0.0147418625620209;-0.0148210087552224;-0.014918812267627;-0.0151535020021232;-0.0153910253676023;-0.0156206191494686;-0.0158850532650697;-0.0161380222485616;-0.0163791985497395;-0.0165077859245088
0.022655339061091;0.0191185205349815;0.0116365536292022;0.00615830875051158;0.00223556134509453;-0.00341734565006009;-0.00891176926746153;-0.0122842214225766;-0.013844290455943;-0.0144636059503892;-0.0147213576907093;-0.0147847825020318;-0.0147707030438264;-0.0149455565328558;-0.0156055362748868;-0.0161303184153626;-0.015800118054842;-0.014875972796158;-0.013568558249767;-0.0128502302632313;-0.0137319202490986;-0.0149577508834808;-0.0153756227810632;-0.0154653449440332;-0.0156723252606533;-0.0159378327108838;-0.0161740166443132;-0.016406686362223;-0.0166776251597381;-0.0169543359299694;-0.0172293566681454;-0.0173787773328788;-0.0173850342300712
0.0216934708518814;0.0176512843591979;0.00996510138431167;0.00486449420550727;0.000555045598075149;-0.00530311176640702;-0.0103761327463453;-0.0133351806111906;-0.0145821160815131;-0.0151083490243031;-0.0153313844628014;-0.015387771396505;-0.0155551814821971;-0.0161624922816137;-0.0167065411078961;-0.0164005541126786;-0.0151676472513742;-0.0138152211939917;-0.0138980335441792;-0.0148887878457226;-0.0156442317768498;-0.0160221663348759;-0.0161588730737901;-0.0164305397270219;-0.0166912160813917;-0.0169217806928535;-0.0171657715565836;-0.017454113398601;-0.0177561965213602;-0.0180220560272438;-0.0181227149700942;-0.0181673681845228;-0.0182291115695555
0.0204948255290189;0.0160445801732763;0.00839204491897814;0.00354853229070773;-0.00122201112450848;-0.0071195779102388;-0.0117464975694327;-0.0142935177912595;-0.0152964599091763;-0.0157568883648234;-0.015953245575414;-0.0161303840181208;-0.0166798598063089;-0.0172692442444764;-0.0170298746994507;-0.0156944878571044;-0.0144175841799373;-0.0147522580206766;-0.0157160458692679;-0.0163243228177382;-0.0166811476786271;-0.0168605522752286;-0.0171504435270621;-0.0174056748366848;-0.017639338185055;-0.0179103560840586;-0.0182184083794164;-0.0185326765902506;-0.0187845919189275;-0.0188880045943615;-0.0189937113822275;-0.0192740966295018;-0.0194583348984312
0.0190796426255719;0.0143408786274446;0.00688539489132398;0.0021921572921331;-0.00303200011803829;-0.00884020774982414;-0.0130160103838835;-0.0151797001523102;-0.0160132149227868;-0.016417479135251;-0.0166557963835282;-0.017156172639541;-0.017800900725332;-0.0176974907351222;-0.0163471623955548;-0.0151498385454242;-0.0155177081814763;-0.0163796617809073;-0.0169920800594901;-0.0173561471544147;-0.0175486696427106;-0.0178487345089162;-0.0181031231973089;-0.0183417570783281;-0.018637424943025;-0.0189599619036941;-0.0192971660454838;-0.0195565649009271;-0.0196683646760628;-0.0198351076622967;-0.0201362390322067;-0.0204133878183989;-0.0205170626860007
0.017441794990883;0.0125886037420797;0.00541699145375767;0.000788917063578018;-0.00481916917667444;-0.0105158150133145;-0.0142104509314779;-0.0159877129476924;-0.0167249567683616;-0.0171158471519276;-0.0175851070081422;-0.0182844522534017;-0.0183793082049755;-0.0171211758608666;-0.0158953962106338;-0.0162198708607248;-0.0170214311822245;-0.0176323429992855;-0.0180203373289819;-0.0182062549736275;-0.0185171765591729;-0.018779539569666;-0.0190385737437737;-0.0193489295666692;-0.0196840455367891;-0.020061321161451;-0.0203360026691066;-0.0204584445323261;-0.0206605843033214;-0.0209636043605695;-0.0212244458107202;-0.0215668169860544;-0.0218110218935251
0.0156068937738852;0.0108475135964072;0.00398733298093733;-0.000773030075108677;-0.00660510658271424;-0.0120228145756852;-0.0153112291457879;-0.0167762667166918;-0.0174361787775684;-0.0179622309630012;-0.0186828751149999;-0.019032641093668;-0.0180257670956226;-0.0166806940833296;-0.0168258196474396;-0.0176386921066734;-0.0182573117204685;-0.0186750442220194;-0.018858581172302;-0.0191450691349238;-0.0194327465534592;-0.0197249295238055;-0.0200469286793679;-0.0204030717585804;-0.0208116561029103;-0.0211029796082054;-0.0212463935259607;-0.0214536301815344;-0.0217378950258303;-0.0219961578234231;-0.0223530571255163;-0.0227425408274204;-0.0228830253911904
0.0136049287753814;0.00910881602536458;0.00262521260608543;-0.00238820522777206;-0.00839185044302786;-0.013434723654549;-0.016331954031363;-0.017551043914513;-0.0182253416929882;-0.0189857875432537;-0.0195985742399668;-0.0189799308196094;-0.0175741765732016;-0.0174126516307604;-0.0181832151961822;-0.0188410887343671;-0.0193099464367486;-0.0194981631245276;-0.0197606521202374;-0.020074178457088;-0.020387910979115;-0.0207331301743181;-0.0211103874136702;-0.0215396425437474;-0.0218427665041826;-0.0220056953202318;-0.0222133485734764;-0.0224733412232432;-0.0227476975072209;-0.023130934770627;-0.023548381893923;-0.0238567468503399;-0.0239958427041111
0.0115234549328644;0.00742734050968505;0.00124978097396625;-0.00407801436490143;-0.010097565450691;-0.0147463981192586;-0.0172888450817889;-0.0183410188352041;-0.0191711949849751;-0.0200075820558561;-0.0199025966949973;-0.0185909507343015;-0.018057618254641;-0.0186537178612188;-0.0193624151805449;-0.0199120938189565;-0.0201183025504409;-0.0203517758356209;-0.0207058351694517;-0.0210547850869655;-0.0214037264402021;-0.021790889810737;-0.0222318120770413;-0.0225565361668437;-0.0227369472392309;-0.02293879461639;-0.0231923361139768;-0.0234954902991929;-0.0239057464753417;-0.0243553560012147;-0.0246740012595171;-0.0252322368597788;-0.0256817308486261
0.00943064635666324;0.0058129382446002;-0.000126519624477517;-0.00579134984078498;-0.0117519741450794;-0.0159933569005256;-0.0181916584739601;-0.0192196191652309;-0.0202128245223538;-0.0206693990021924;-0.0197088011721641;-0.0187815896454795;-0.0191169388909498;-0.019838224026037;-0.0204485211859612;-0.0207564036594111;-0.0209462288801485;-0.0212964986130938;-0.0216870059640746;-0.022057842871465;-0.0224400276949423;-0.0228843154060725;-0.0232413463362084;-0.023442619569507;-0.0236474989234975;-0.0239079751643753;-0.0242432066688597;-0.0246746070192432;-0.0251579825712689;-0.0254812777062842;-0.0264956347563508;-0.0278577043666142;-0.0282779961595027
0.00740974870454061;0.00423347110261103;-0.0015164534518128;-0.0074892630852203;-0.0133740787457838;-0.0171890129768379;-0.0190654274354614;-0.02020703474984;-0.0211274530561352;-0.0207837300994457;-0.019677664927555;-0.0195989213020417;-0.0202885182320283;-0.0209558387176922;-0.0213651167045399;-0.0215350751418604;-0.0218683059136831;-0.0223004069117313;-0.0226783227378391;-0.0230634290104335;-0.0235058927274417;-0.0238970394722929;-0.0241305133212432;-0.0243444860243785;-0.024621250080643;-0.0249875053286966;-0.0254521397120514;-0.0259428877705402;-0.026490141073625;-0.0277435663858978;-0.0291349984706158;-0.029598198713499;-0.0296230446992173
0.00554922584251902;0.00269004043974137;-0.00303912638324338;-0.00918245010376824;-0.0148412544785781;-0.0183122025015344;-0.0200064134023522;-0.0212293024733174;-0.0216255877301735;-0.0207409187876261;-0.0202054878831656;-0.0206907281240813;-0.021409830857582;-0.0219140720202272;-0.0221307613531147;-0.0224297347385196;-0.0228710099972902;-0.0232814572895336;-0.0236634199060043;-0.0240982953257254;-0.0245232560837853;-0.0247888210726069;-0.0250322243873041;-0.0253473857633291;-0.0257220406889755;-0.0262305963219584;-0.0267523461405557;-0.0275931067143257;-0.0288132513038083;-0.0299979648659636;-0.0308763817593469;-0.0315561714051284;-0.0319307752677673
0.00386687406247357;0.00119536141465253;-0.00461442149605316;-0.0108941148181545;-0.0162400634323867;-0.0193659990851206;-0.0210216261013178;-0.0220890342550613;-0.0218099844722931;-0.0209864302312776;-0.0211065146607132;-0.0218036466925604;-0.0224036741105688;-0.022717701861779;-0.0229790081455667;-0.0234214042568319;-0.0238553856134641;-0.0242284437918775;-0.0246610278214534;-0.0251223196930781;-0.025437064257387;-0.0257090234805502;-0.0260606226505209;-0.0264551753238416;-0.0269888789284936;-0.0276343676417476;-0.0286276443221282;-0.0298717081211184;-0.0308961568989378;-0.0317866507707607;-0.0325591356831857;-0.0332897458427233;-0.0337052657771933
0.00234724452627597;-0.00023423617430901;-0.0062250324801708;-0.0125800095787069;-0.0175469411564759;-0.0204414231496279;-0.0220487093196878;-0.0226104781698956;-0.0219542464173424;-0.0216267302436398;-0.022151274638394;-0.0228426416662908;-0.0232766315986168;-0.023527219977986;-0.0239376365844686;-0.0243989172066414;-0.0247863937993785;-0.0252079278411393;-0.0256909702183349;-0.0260647567075467;-0.0263738910485062;-0.0267504925645178;-0.0271830745819849;-0.0277431778290363;-0.028459860583749;-0.0296186889696024;-0.0308248069912027;-0.0317556108723001;-0.032649127859012;-0.0336297817274737;-0.0344587434791798;-0.035179449746118;-0.0356356478629307
0.000995233489551134;-0.00167129357969861;-0.00787204479512078;-0.0142002748368785;-0.0188209578404322;-0.0215465005620471;-0.0229191967431636;-0.0229234030934742;-0.0223281173825363;-0.022528068370797;-0.0232095975133633;-0.0237742146229237;-0.0240865594440824;-0.0244266204237279;-0.0249054839588814;-0.0253192600411362;-0.0257276391288967;-0.0262140223522537;-0.0266581672958618;-0.027032017474437;-0.0274207367151633;-0.0279032135617992;-0.0284887266893588;-0.0292681342628979;-0.0304523834285377;-0.0316641715978824;-0.0325569790355768;-0.0336189175750132;-0.0347781222622618;-0.0353195711422162;-0.0359739619787794;-0.0369900100961281;-0.0373972722521407
-0.000242532682760366;-0.00306633291260265;-0.00951785623215602;-0.0158250468203764;-0.0200981545664711;-0.022610835502634;-0.0235454461726882;-0.0232020854303325;-0.0229944078220238;-0.0235174096476147;-0.0241900727303779;-0.0246300766822066;-0.0249401524823706;-0.0253741691289545;-0.0258215442175949;-0.0262406098417938;-0.0267220472371203;-0.0272293397545757;-0.0276517477697918;-0.0280686917867246;-0.0286097516725453;-0.0292043176192237;-0.0300422762084815;-0.0312333868331662;-0.0323901386219896;-0.0334491968538525;-0.0345898568433981;-0.0355776436001923;-0.0360858085868597;-0.0367539674608847;-0.0379994723819999;-0.0395009804337114;-0.0403281808431947
-0.00147327606544365;-0.00451268353271499;-0.0111492048572052;-0.0173526941421568;-0.0213874295404042;-0.0235507407278428;-0.0240024901126485;-0.0236437413978852;-0.0238600078955654;-0.0245257863406362;-0.0251064710935551;-0.0254594098961343;-0.0258220307061716;-0.0262861233636082;-0.0267345091842432;-0.0272052156990739;-0.0277571512725756;-0.0282288458290086;-0.0286998819784894;-0.0292681184596717;-0.0298984888909933;-0.0307732731423505;-0.0319170015276971;-0.0331064269678679;-0.0343211999528607;-0.0354008042179353;-0.0362907726518784;-0.0367923938400219;-0.0375947825054757;-0.0391372799519524;-0.0407634270530254;-0.0425954113649022;-0.0435949232365052
