0.00172162862742766;0.00218603683973236;0.00273098682486429;0.00345748602294605;0.00415897268542887;0.00445770883274153;0.00448758517848988;0.00427241156880863;0.0041296029873448;0.00442506413990998;0.00456348627513548;0.00490388865405468;0.00541066464964529;0.00582712363483247;0.00634727456146926;0.0070098303653502;0.00668451517330457;0.00480476256098553;0.00202370482491365;0.00175245395032117;0.00174142893080803;0.0018559898472023;0.00197734757247346;0.0021370296870775;0.00226399726029747;0.00243264812633877;0.00268987696839086;0.00295515791139089;0.00322862931947153;0.0035277837316925;0.0038118213090232;0.0040683398291391;0.00431629408140915
0.00173568412579066;0.00220365708156898;0.00275437589477193;0.00350355768272258;0.00414843616731806;0.00438496266671772;0.00438896148979481;0.0041376838856358;0.00409920860471021;0.00437418581597408;0.00451810774647552;0.00490019424995927;0.00534873832515949;0.00576792671075926;0.00629029274536223;0.00688347924232342;0.00609684860014913;0.00388560853093359;0.00172765974601294;0.00166229962921126;0.00168597016428564;0.00180687514219789;0.00192089809136638;0.00204676410693888;0.00215902282823936;0.00234608422208335;0.00259343492665752;0.00285127887711951;0.00313091231039164;0.00341607693274813;0.00367067507357672;0.00390080722646544;0.00413036015366881
0.00175875235352216;0.00223972931890247;0.00281171819620302;0.00358171321467172;0.00410729957092779;0.00423171899806327;0.00416931245569771;0.00391224131845333;0.00404682063621876;0.00425216320274976;0.00444829559419678;0.00486421953323393;0.00522183203504939;0.00568444588533926;0.00620547049029092;0.0062946370799007;0.004702804387662;0.00207633160258776;0.00127246891130958;0.0014525135216744;0.00159232626694894;0.00167968659086899;0.00176552066224039;0.00183300160634768;0.00194374659305169;0.00214896102148349;0.00238533118499036;0.00264132897341115;0.00290776580424711;0.00313940776825417;0.00333898685316434;0.00353957672159254;0.00375564670820451
0.00178175142914115;0.00227718669179991;0.00288748405288513;0.0036328775801205;0.00403146824295067;0.0040753028680552;0.00392997396491637;0.00377197420486491;0.00399186359911999;0.00412579974693316;0.00440297666010437;0.00475136470304684;0.00511267100379829;0.00557824470638369;0.00592826765965426;0.00528582396264789;0.00294091075942134;0.000927090956836629;0.00089747579880195;0.00119661642590556;0.00144422936756067;0.00147366111094465;0.00151987708844988;0.00158242136452495;0.00172588861724221;0.00192822361630458;0.00216430376978651;0.00241584743922218;0.0026393802868448;0.00282679397395044;0.00301334017697518;0.00321780027208249;0.00343801994557353
0.00180869514304417;0.0023161386902631;0.00297948871473685;0.00364871235842913;0.00392315894606846;0.00391171871313738;0.00370920844070036;0.00369294060044244;0.00390311227866893;0.00403295195132266;0.00433572696675592;0.00461024551502606;0.00503338905233286;0.0053531793395091;0.00530434724185587;0.00385055301295209;0.00132274503109085;0.000409492881492168;0.000489521121888575;0.000879975639120442;0.00112332223530273;0.00119616073387385;0.00122301899759483;0.00132236224496873;0.0015078152054849;0.00174133196690635;0.0020025157568946;0.00223553832682243;0.00241703128598883;0.0025874332762012;0.0027736710347581;0.00297119774860546;0.00317271479282497
0.00183808748705632;0.00235721069885881;0.00306087502953224;0.00363315598646737;0.00379790092271226;0.00372895923115386;0.00352887068240469;0.00363513453071163;0.00378452248660285;0.00395690193203928;0.00421854432019224;0.00452069641037069;0.00488280484760947;0.00497388183018571;0.0043438833948645;0.00213263686654315;0.000334368479065233;-5.46963068701056e-05;9.56660393299641e-05;0.000411071281746972;0.000649246783542501;0.000839640561493035;0.000926874329586845;0.00109989738601377;0.00136081934162877;0.00165242709006871;0.00191573346613189;0.00210247786079398;0.00224834883913197;0.00239955211962899;0.00256442242286794;0.00273345897041676;0.00289960803652187
0.00186762188102633;0.0024067361073286;0.00312102195434042;0.00359129488726312;0.00366505620963164;0.00354169462883996;0.00339677257494878;0.00357170944090131;0.00367283199215271;0.00386613629022532;0.0040843304826365;0.00442649789922455;0.00454271620636541;0.00429842165747564;0.00301494493685431;0.000820846202079756;-0.000290431883601602;-0.000460811062838073;-0.000321606714860451;-0.000186852912380422;7.77679508985468e-05;0.000372210035352039;0.000690386318144824;0.00100535623780163;0.00131901756198281;0.00160321977547668;0.00179656451908931;0.00192495366704783;0.00204856889159713;0.00218996957258469;0.00233753688756885;0.00248048101563072;0.0026180590476306
0.00189976594041475;0.00246823878705369;0.00316060902038252;0.00351720232143451;0.00351932260947192;0.00336475338755352;0.00331714998783142;0.0034860560104121;0.00357145939398565;0.00374934800158088;0.00397429018579627;0.00419835362238852;0.00399476506531615;0.00340768916750349;0.00163928790880791;-8.98783848750639e-05;-0.000800095944787568;-0.000870302359255837;-0.000851842015853865;-0.000778565708903597;-0.000533360470191119;-7.88757033110196e-05;0.000483428144884043;0.000946657106210315;0.00128216750559818;0.0015010630356461;0.00161353774456847;0.00170602163172443;0.00181890899858746;0.00194742252111707;0.00207559085495436;0.00219840331914312;0.00231579442039079
0.00193632496047682;0.00253408230498642;0.00317309029788482;0.0034208754018276;0.0033729586341186;0.00320734794094738;0.00326105209444098;0.00337841949934422;0.00346676602596168;0.00362392797888626;0.00384597103605473;0.00376980082263285;0.00334607594713983;0.00241376750246362;0.000511833819448151;-0.00081881151409037;-0.00122144864182369;-0.00135129985621026;-0.00143800219289407;-0.00134778101620371;-0.00100761198734353;-0.000428349010657088;0.000184763071300713;0.000718980810918528;0.00110528572905326;0.00130464617838602;0.0014019698885229;0.00148912997048727;0.00159244206494408;0.00169854184935791;0.00180028134948929;0.00189861300995257;0.00199832652402506
0.00196950253912211;0.00259979373555318;0.00316456132069639;0.00331263012688397;0.00322359763047252;0.00307685645269683;0.00319385350295193;0.00326051950052986;0.00335382729907776;0.00350355653193098;0.0035833935734144;0.00313681607796987;0.00267625383085451;0.00139024667110776;-0.000389709408460046;-0.0013568392465694;-0.00167204505135164;-0.00189975990661105;-0.00198462433571073;-0.00179050011794472;-0.00130904697100016;-0.000749779152139932;-0.00020540933924286;0.000294902096438544;0.000678188180666478;0.000917265946165938;0.00109363763660938;0.00124258623342423;0.00136537671891382;0.00145887262036927;0.00153547982144896;0.00160721511763502;0.00169228024158668
0.0020030975873208;0.0026633136369593;0.00313727062683215;0.00319962174026368;0.00307940083482255;0.00298465465057769;0.00311342056995265;0.00313918198291296;0.00322690407589564;0.00333648277865441;0.00310154795612659;0.00252903897239271;0.00197410529552131;0.000338973341565338;-0.00116548800048666;-0.00182802983735174;-0.00218411107228482;-0.00243177599087395;-0.00240885123897569;-0.00205338807361527;-0.00158042387825025;-0.00110224179875491;-0.000643257475939678;-0.000238872822767133;6.73029003383299e-05;0.00033382263727233;0.0005975457847055;0.000833399127224702;0.00101278912712533;0.00113736620115787;0.00122937186234048;0.00131169478220455;0.00139682122486152
0.00204770593590174;0.0027117690318072;0.00308737988532328;0.00308066786667217;0.00294483976257386;0.00292384445476187;0.00301268302564541;0.00301836208153193;0.00309254375113473;0.00304547267893526;0.0024551137608993;0.00208273923829924;0.00122065687584268;-0.000619697570545891;-0.00179509490954659;-0.00233168324823287;-0.00269971268797863;-0.0028419398980094;-0.00263167154051169;-0.00226175524603778;-0.00187360881045109;-0.00149233349387885;-0.00112777573805649;-0.000836031780959888;-0.000591824797800664;-0.000327316194326521;-4.75849849880736e-05;0.000213396602510581;0.000429725779713799;0.000610378033858466;0.000764634996814124;0.000903451098833857;0.00101348450900374
0.00209849302898448;0.00273471386858161;0.00300685572618886;0.00295452000757007;0.0028130641699507;0.00286174143324398;0.00288989754450174;0.00288939417179664;0.0029158847489172;0.00258637498585398;0.00187548874216212;0.00163933110884812;0.000291036963389654;-0.00138927278345174;-0.00233159157601696;-0.00283194931009562;-0.0031235081573074;-0.00305597870134473;-0.00277815398001445;-0.00247769329124322;-0.00218585134927901;-0.00189649586168408;-0.00165367223408235;-0.00145885177704741;-0.00124304376257367;-0.000994640658664052;-0.000745422310324068;-0.000519134684260687;-0.000309689896968023;-0.000104683458779099;9.34250877920317e-05;0.000268605639421646;0.000408630265909996
0.00214853205051709;0.00273796205420017;0.00291506344090417;0.00283408850595767;0.00270496716798962;0.00278221326816952;0.00275425501947705;0.00275126905431412;0.00263186662404068;0.00197905852433715;0.0015669840488625;0.00106730342495798;-0.00071348479082034;-0.00209655657855763;-0.00284747128934447;-0.00326330169869593;-0.00335476722206114;-0.00317036132896965;-0.00294192726738178;-0.0027255897713928;-0.00250879509263158;-0.00231608687366378;-0.00218007218884233;-0.0020372876327853;-0.00185479921520135;-0.0016566065995546;-0.00146716082303378;-0.00128821333977619;-0.0010980406753844;-0.000903644790952972;-0.000716708950540768;-0.000554498876873331;-0.000402540987332368
0.00220846147798118;0.00272639854213882;0.00282163426130631;0.00271752627787811;0.00263265258861302;0.00268831018487047;0.00262302983067601;0.00258019317320532;0.00219184503663792;0.0014047561725241;0.00131791748889155;0.000285997629911897;-0.00153685330384772;-0.00270110800550598;-0.00328312935511317;-0.00352764337501739;-0.00345136990598791;-0.00329837899118246;-0.00314910340069255;-0.00299515580634753;-0.00284238545662667;-0.00274554595715105;-0.00265998694352824;-0.00254473943452101;-0.00241486884166054;-0.00229413273941086;-0.00217785440485278;-0.00204462400050558;-0.00189466132809665;-0.00174361041733117;-0.00160123959358695;-0.00145972756639426;-0.00131402223045434
0.00225930622209955;0.00270692840459692;0.0027326250265518;0.00260593616408598;0.00257335700320522;0.00257432029672523;0.00249026608335291;0.00232092448922314;0.00164664888008334;0.00109455114126557;0.000910331386577881;-0.000642925453653728;-0.00224453102797739;-0.00318656422009109;-0.00357464242628854;-0.00363130794307208;-0.00355523247765403;-0.00346825997831284;-0.00337807925846935;-0.00326401398239453;-0.00319110119243449;-0.00315042759496188;-0.00308786084775389;-0.00301181778504512;-0.00294710977839883;-0.00289031567243869;-0.00282534007640334;-0.00274112829185891;-0.00265742183275323;-0.00257304259357402;-0.00248327438657309;-0.00237867174014906;-0.00227718032168685
0.00229625800172545;0.00266488943735004;0.00263714381760088;0.00250393713603732;0.00250139653948482;0.00243590897490759;0.00233072660725011;0.00195174168372004;0.00112434514095346;0.000967020020097298;0.000299862598674275;-0.00155571397103416;-0.00289400986266682;-0.00352599765817546;-0.00371422314697333;-0.00371794832375899;-0.00369344840357012;-0.00366363066158715;-0.00359286462733163;-0.00353814798772658;-0.00353203891336729;-0.00351281008945555;-0.00348340788777952;-0.00346330109710902;-0.00345471126023034;-0.0034393032669133;-0.0034114224144142;-0.0033841629352827;-0.00335852802600824;-0.00332745350068205;-0.00328781386443583;-0.00325180222837237;-0.00322304645725485
0.00232932524043262;0.00259850850309914;0.00252973943412542;0.0024086855509818;0.00241026038737265;0.00229601022014328;0.00211691625441099;0.0014783114704575;0.000752446757189565;0.000730795237948778;-0.000514699286440198;-0.00229201249175724;-0.00335701953164823;-0.00371586590730645;-0.00380574456238959;-0.003838740358635;-0.00386687733697656;-0.00384803874320459;-0.00380735599417605;-0.00382006108424625;-0.00383980124343411;-0.00384669143143351;-0.0038641088110946;-0.003894540986056;-0.00392066018913547;-0.0039412938878414;-0.00395775003126934;-0.00397964897706483;-0.00399520340148379;-0.00400886578836857;-0.00402828587355569;-0.00405856762148788;-0.00408662980690996
0.00234654751152306;0.00252041267299499;0.00242958492506672;0.00232955794372433;0.00230806238433687;0.00216103005394899;0.00181702313671513;0.000972772297040889;0.000590398533118458;0.00028552988671135;-0.0013801231718184;-0.00288355697725171;-0.00361655755034807;-0.00381838502441674;-0.00391390741233015;-0.00400108073956471;-0.00403984028295309;-0.00402270939830492;-0.00404421146221708;-0.00409282983389352;-0.00412845942202904;-0.0041758052629998;-0.00423561729723993;-0.00429639731183761;-0.00435203573786159;-0.00440791676576662;-0.00446597206876225;-0.00452022551715308;-0.00457747237769962;-0.00464294088511412;-0.00471933405934059;-0.00479437205501627;-0.00486691516170547
0.00234469360047801;0.0024393640212551;0.00233585198764696;0.00226352098309769;0.00219639510501216;0.00198804321444808;0.00142330875471073;0.000569825031427787;0.000488227599986304;-0.000350471724468671;-0.00217302027260537;-0.00334878774158015;-0.00376085827991886;-0.00391801517554728;-0.00405421350878284;-0.00416554490312238;-0.00418993550938738;-0.00421450515721224;-0.00428468303602912;-0.00435026579929899;-0.00441976666511881;-0.00450507293242705;-0.00459312219195897;-0.00467790485154351;-0.00476638768315992;-0.00485189729848739;-0.00493999294542418;-0.00503231964507472;-0.00513604656148409;-0.00524774861201732;-0.00536128286937401;-0.00547363207018605;-0.00559486456762376
0.00233239542110473;0.00236648668456482;0.00224916756715215;0.00219142677045202;0.00206240651997935;0.00175215067190051;0.000991123239822964;0.000335398912630666;0.000241866616740999;-0.00112370111454527;-0.00276260257821744;-0.00360518909627193;-0.00386343255636989;-0.00404144567632714;-0.00421511193412858;-0.00430224804607971;-0.00434065236268388;-0.00442107395923644;-0.00451169484166208;-0.00460220403424939;-0.00470950335846344;-0.00482095501011814;-0.00493300797384286;-0.00504613544256101;-0.00516024773092687;-0.00527598468237427;-0.00539823113760548;-0.00553488094303223;-0.0056771672491325;-0.00582418504546606;-0.00597198347240047;-0.00612775344632342;-0.00629031304966029
0.00230774785166234;0.00230028115463937;0.00216712581083413;0.00209861782531592;0.00191313089869523;0.00145762891333641;0.000572371105609898;0.000210525539194303;-0.000220881173690901;-0.00187314265667475;-0.00315740674393716;-0.00373690861742217;-0.00397094579670146;-0.00418947085585375;-0.00435855341438629;-0.00442488278013294;-0.00450989355606495;-0.00462118365300077;-0.00473289214366767;-0.00485543316876283;-0.00498742804043181;-0.00512131980556883;-0.00525644586101734;-0.00539479982614849;-0.0055341338833962;-0.00568503844311658;-0.0058485240975867;-0.00601960648913711;-0.0061948404559978;-0.00637410886902687;-0.00655683737481014;-0.00674487661953454;-0.0069405538932632
0.00226822748023853;0.0022215700525316;0.00208851103839841;0.00199823853452585;0.00174221651316142;0.00110285055650909;0.000222058888756947;8.21709055585859e-05;-0.000811204285116246;-0.00248218112825568;-0.00346562399515904;-0.00384722996927572;-0.0041020173268931;-0.00433734633886262;-0.00446924819374478;-0.00456147145152462;-0.00468511808025752;-0.00481376703662222;-0.00495269818526729;-0.00510119639486855;-0.00525284876542969;-0.00540804875431233;-0.00556489685108125;-0.00572842104852361;-0.00590228793453505;-0.00608868861585057;-0.00628652233516321;-0.00648493908865374;-0.00668794094913963;-0.00689059945613099;-0.00710250540620107;-0.00735969099652197;-0.00768742372611127
0.00221624685519469;0.00213012588175667;0.00201526103449309;0.00189184010810392;0.00152698477888536;0.000711015176510538;2.47126849202764e-05;-0.000146468468574502;-0.00146684337453559;-0.00291664503996318;-0.00365562948368019;-0.00396510697268734;-0.00424860810205435;-0.00445937894607207;-0.00457502163197095;-0.00471109891177455;-0.00485546069232697;-0.00500746025438738;-0.00516827335032845;-0.0053361944754414;-0.00550705198001303;-0.00568156078316152;-0.00586534513751741;-0.00605987740834;-0.00626842813968649;-0.00648633902198694;-0.00670403520049399;-0.0069220438061444;-0.00714456040301181;-0.00741718742503493;-0.00778019211936394;-0.00824372635653983;-0.00878913055570864
0.0021525912309269;0.00204783603564093;0.00194447122205751;0.00176550034806162;0.00125859556228274;0.00034740207728802;-7.93113145673985e-05;-0.000560340062746335;-0.00208092778469197;-0.00319931908918313;-0.00377074948978501;-0.00409542523683645;-0.00438336613461748;-0.00456025463463475;-0.00469986203871541;-0.00485937516664836;-0.00502368474430189;-0.00519836889708034;-0.00537703457723394;-0.00556199928401094;-0.0057518277139095;-0.00595180272994293;-0.00616663161628514;-0.00639236556723974;-0.00662504096053039;-0.00685803756501941;-0.00708496517929508;-0.00736709122533253;-0.00774969416922514;-0.0082438924414017;-0.00882306567637768;-0.00940472796415674;-0.0099233391493084
0.00208518254130384;0.00196967800038082;0.00186063898848241;0.00160952060456535;0.000948232847691424;4.52846609522786e-05;-0.000222949688530857;-0.00107304486449976;-0.00252944191129348;-0.00342996421858266;-0.0038980336105628;-0.00423378489442026;-0.00449142078394202;-0.00465828222325271;-0.00483271285774579;-0.00500714064337283;-0.00519097216448095;-0.00538108743666908;-0.00557773917269977;-0.00578036163670975;-0.00599652080975631;-0.00622615555403706;-0.00646666671938224;-0.00671101639607985;-0.00695092919603424;-0.00722010415255889;-0.00760856984434982;-0.00812057769348279;-0.00872052910345501;-0.00933348939024256;-0.00985369608498837;-0.0101542085585811;-0.0102411574980072
0.00202790522090238;0.00190157811327468;0.0017617817770085;0.00142056552141462;0.000617283064150306;-0.000174801588869705;-0.000440700192641363;-0.00157338544321856;-0.00287921277743479;-0.00362527039703795;-0.00402877484377054;-0.00435948901883432;-0.00458461028578253;-0.00476736868037902;-0.00496116426705661;-0.00515463124860791;-0.00535503808086705;-0.00555874087727428;-0.00577326729298416;-0.00600140776211618;-0.00624413701501839;-0.00649638703192501;-0.00674694340629264;-0.00700057118849225;-0.00736771355480262;-0.00788307316500384;-0.00849907246204489;-0.00911486105235149;-0.00964782179383123;-0.0100009420032857;-0.0100752423901536;-0.0100716789982487;-0.010064357466243
0.0019782503005525;0.00183576422621372;0.00166152779361084;0.00119862517203854;0.000288232197652283;-0.000305504209557481;-0.000737092698501279;-0.0020621726393404;-0.00313450569193934;-0.00376903717862479;-0.00416044684881789;-0.00446170177745604;-0.00468017785944631;-0.00488439625769436;-0.00508893419507649;-0.00529785514261401;-0.0055127393372215;-0.00573462465595664;-0.00597228713846314;-0.00622645619689893;-0.00648396177617914;-0.00674033711023958;-0.00705386051133748;-0.00753453688027872;-0.00815777718224208;-0.00879295326490368;-0.00932695850330636;-0.00970629129127007;-0.00984327063690675;-0.00977731752263247;-0.00966157218937321;-0.00934967079523155;-0.00923721032205151
0.00191570312555548;0.00176360505615288;0.00155342159348591;0.000941681475630389;-8.42923633022352e-06;-0.000423583702445739;-0.00113613536424302;-0.00245368370969384;-0.00332605289737477;-0.00389981409385079;-0.00427791911294968;-0.0045522240918418;-0.00477880622268448;-0.00499987099848578;-0.00521732419126428;-0.00543822339974883;-0.00566690458278531;-0.00591368854318448;-0.00617452303604164;-0.00643775257200819;-0.00670423449871582;-0.00710741560119762;-0.00770313243661444;-0.00837517065619906;-0.00892869597917924;-0.00931247148865549;-0.00950000469440533;-0.00949359732362042;-0.00926606464170244;-0.00877724514293989;-0.0086376236029427;-0.0088168822310215;-0.00903029709464318
0.00184271399412207;0.00169392048468151;0.00141646247451242;0.000656217219101508;-0.000241747043861547;-0.000595197362045524;-0.00154476691211983;-0.00273361090538176;-0.00352905087875216;-0.00402893687859384;-0.00437899283774732;-0.00464149464085722;-0.00487923063278169;-0.00511201335512496;-0.0053412031062915;-0.00557806242599389;-0.00582751197007256;-0.00609399603110584;-0.00636192112038882;-0.0066621810353815;-0.00715179774811482;-0.00783288827070591;-0.00846405062805962;-0.00888023312084042;-0.00910637882368963;-0.00916018182995106;-0.00897586346252264;-0.00838791678942202;-0.00802421729984418;-0.0082331545114464;-0.00861815106055224;-0.0094161642687043;-0.0102111696429301
0.00176958427411752;0.00161388663417889;0.00123908468552073;0.000366267315502149;-0.000409088982175135;-0.000827569740946138;-0.00191057514119142;-0.00298076517987815;-0.00370418827000641;-0.00414472531310325;-0.00446766822990206;-0.00473503727902749;-0.00498101308500754;-0.00522185309404347;-0.00546331867853262;-0.00571900140758692;-0.00598984480028343;-0.00626035546719316;-0.00660495077241501;-0.00717542141026673;-0.00788919950324901;-0.00841962552217926;-0.00867148528908809;-0.00878032499117884;-0.00872061527750039;-0.0081543557782975;-0.00756441487025248;-0.00770838723031279;-0.00824804568802867;-0.00926308823980231;-0.0100944083383963;-0.0106561804963336;-0.0112288593383082
0.00170270637965147;0.00151820672304781;0.00103385958257404;9.177920558439e-05;-0.000540314763818953;-0.00109411359237044;-0.00226701990656762;-0.00318475990262946;-0.00383774847152316;-0.00424561768062428;-0.00455343586687344;-0.00482690143804241;-0.00508183362173282;-0.00533150912004648;-0.00558993556846606;-0.00586146072704048;-0.0061389914652609;-0.00652250616151936;-0.00715104558397468;-0.00784714770822398;-0.00825965256945567;-0.00837228081655545;-0.00843953488130575;-0.00803180504585584;-0.00733763000826951;-0.00725451228318927;-0.0078191098178626;-0.00890993336247168;-0.00989967739330126;-0.0104906954681774;-0.0110079206437382;-0.0114862484215714;-0.0119643602746035
0.00164264632542267;0.00141794453761821;0.000810026405179742;-0.000163983842999295;-0.000667246330353213;-0.00140625811395311;-0.00255216677541172;-0.00336234989865593;-0.00395964115455585;-0.00433649244956091;-0.00463935183935005;-0.00491525679380918;-0.00518094828766699;-0.00544172007661258;-0.0057174080057072;-0.00600111536696985;-0.00640683154953313;-0.00706923852326644;-0.00772169259544401;-0.00801487471468313;-0.00804962970669192;-0.00787315814197303;-0.00728655173260365;-0.00694602001053236;-0.00731955990178404;-0.00837728510112871;-0.00955723899194893;-0.010156342665509;-0.01063073811018;-0.0110187045562909;-0.0114941576380775;-0.012025857630271;-0.0125663559616179
0.00157990019414215;0.00130958446297141;0.000568255705330971;-0.000380634766787895;-0.000822791576110364;-0.00171493879915392;-0.00276574427253156;-0.00354669288155925;-0.00406642638199738;-0.0044199652294322;-0.00472549719344761;-0.00500457696918503;-0.00527848086058296;-0.00555382807808667;-0.00584412215589619;-0.00625919685139465;-0.0069289511693753;-0.00753703285288044;-0.00773821640705228;-0.00773736254324083;-0.00729990718516686;-0.00680604617749728;-0.00684333724308208;-0.00770110606827726;-0.00894759217539094;-0.00971792910454007;-0.0101227736096497;-0.0105115027294266;-0.0109882403729891;-0.0115002177243609;-0.0120401013446478;-0.0125830795900668;-0.0131232868548876
0.00152089376000213;0.0011785259357982;0.000315106667518023;-0.000536618057412869;-0.00102446744787232;-0.00199001722251043;-0.0029658611449534;-0.00370727071303348;-0.00415682451829762;-0.00449946165856923;-0.00481057832367442;-0.00509494185178802;-0.00537759999155937;-0.00566961154510143;-0.00607920671836895;-0.00673492155466929;-0.00731504942883114;-0.00746131223844943;-0.007288283864335;-0.00687645048404918;-0.00661477339187762;-0.00703194350595635;-0.00815757490753409;-0.00911876565851724;-0.00958294224054195;-0.00996890345181852;-0.0104293027871312;-0.0109385772396865;-0.0114508554886293;-0.0119854660001524;-0.0125267032530174;-0.0130693654632704;-0.0135627567931084
0.00145490878037691;0.00101921742371624;6.65566887349395e-05;-0.000667902896409708;-0.00124199344472321;-0.00227574059410304;-0.00314949108627145;-0.00383089579046147;-0.0042420818632417;-0.00457952614121981;-0.004889348299231;-0.00518581582376312;-0.00547978107049375;-0.00587209560533246;-0.00649934592437401;-0.00706874832194402;-0.00719775757503606;-0.00688193605399572;-0.00648030510480196;-0.0064953428010142;-0.00724468414260287;-0.00835781337086184;-0.00898774283762414;-0.00939599094842726;-0.00983208142012462;-0.0103310946115119;-0.0108335656327379;-0.0113372293887421;-0.0118651096482372;-0.0124050180746879;-0.0129336110293242;-0.0133973644354542;-0.0138276958467159
0.00137442543066768;0.00083429704764966;-0.000162544750184943;-0.000787957307462374;-0.00146743298008687;-0.00251674354226388;-0.00331854911017623;-0.00393410769324946;-0.00432319729451769;-0.00466019241986614;-0.00496983850173481;-0.00527613636221847;-0.0056426392597793;-0.00623071474345971;-0.00680448311558957;-0.00694288395574166;-0.00658656783646045;-0.00625161701828934;-0.00652471044871974;-0.00732536082803977;-0.00826175672597321;-0.00879997454280403;-0.00921315742184711;-0.00968738491580348;-0.0101833223681729;-0.0106708913780043;-0.0111695840547603;-0.011693087245556;-0.0122325791687741;-0.0127465706251507;-0.0131994135009702;-0.0136287479821917;-0.0141470731492817
0.00128361476354546;0.000630157706968101;-0.00037158810233117;-0.000909695539525746;-0.00170775655901826;-0.00270321839758247;-0.00347630455072682;-0.00402315721635154;-0.0043985643212866;-0.00473870663698842;-0.00505312937676057;-0.00540091259735183;-0.00593732999827853;-0.00652377221891927;-0.00670482922503278;-0.00634408286274863;-0.00607947144140558;-0.00651911332779967;-0.00736169173486341;-0.00806613658545514;-0.00859537138920945;-0.00901835551838553;-0.00950865547622957;-0.00999048058014492;-0.0104642641518827;-0.0109635850109616;-0.011483354757303;-0.0120292822554117;-0.012534580508466;-0.012985366332763;-0.0134411063259925;-0.0139921283638192;-0.0145641161429305
0.00118136156177604;0.000418103927242071;-0.000546626653822241;-0.00106942280536817;-0.0019264342673871;-0.00286800183145115;-0.00362455281892495;-0.00409997851247374;-0.0044716503971414;-0.00481422694206636;-0.00515112979069353;-0.00563015765843046;-0.006228163908334;-0.00647988185776375;-0.00615412971652909;-0.0059126426133553;-0.00641682121833927;-0.00721456611449888;-0.00785686370764371;-0.0083667118443559;-0.00879782978558834;-0.00928472628462879;-0.00975732343280701;-0.0102287913929846;-0.0107289507977992;-0.0112511450688516;-0.0118044333364954;-0.0123099422136967;-0.0127673173075332;-0.0132479384058936;-0.0138051171906372;-0.01436330562014;-0.0149514773689135
0.00107192274272725;0.000203735529805578;-0.000674759772791446;-0.00124529542538775;-0.00215735345641233;-0.00303184865772572;-0.00374865686934285;-0.00417945803867795;-0.00454694015153365;-0.00489093996606877;-0.00531931606540876;-0.00590447933180459;-0.00625755029247228;-0.0060169125169499;-0.00574915196657599;-0.00625624114289232;-0.00699357874720058;-0.00762604291238847;-0.0081412699677566;-0.0085592934687944;-0.00903573095801116;-0.00950133192416868;-0.00997382846545585;-0.0104732346651982;-0.011004485805582;-0.0115603502451408;-0.0120759946578377;-0.0125349639853793;-0.0130245272981414;-0.0135697291602631;-0.0141050523787046;-0.0146781382069179;-0.0152696288832153
0.000946640715088688;-1.25758387867006e-05;-0.000793253143268877;-0.00140846526262282;-0.00238181428894391;-0.00319480589579953;-0.00384126860956113;-0.00425555744574208;-0.0046229340929714;-0.00500574990805538;-0.00555790428863446;-0.00601248352396769;-0.0059056435717383;-0.00560991770808075;-0.00605138145668521;-0.00675382720085497;-0.0073619903935064;-0.00789808482811702;-0.00829490045612747;-0.00876824222374474;-0.00922886219785776;-0.00970360943371578;-0.0102056575001838;-0.010739516268664;-0.0113010139887229;-0.0118188767523608;-0.0122732010681133;-0.0127575497045457;-0.0132806494135719;-0.0138011063064954;-0.0143643146186006;-0.0149630743480968;-0.0155092795507433
0.00080151627844173;-0.000219343431813492;-0.000908570264919348;-0.00158811943529903;-0.00256106240981573;-0.00333434886928743;-0.00392285418160244;-0.00432315683728793;-0.00470523024085862;-0.00519066494099128;-0.00572790578728607;-0.00580052573099001;-0.00550706060760282;-0.00581645131049923;-0.0064935724965474;-0.00708474907705188;-0.00763027335268895;-0.00801524449203807;-0.0084686391594897;-0.00893887149061291;-0.00942349713551055;-0.00992436143398435;-0.0104564772789763;-0.011016803132821;-0.0115332094831079;-0.0119794487009813;-0.0124511169872002;-0.0129524199949894;-0.0134720470460294;-0.0140363457197451;-0.0146516461349252;-0.0151968177867455;-0.0158964941511044
0.000635712777555753;-0.000407857827123798;-0.00101222611282643;-0.00178372394240527;-0.0027137984193329;-0.00346378579343105;-0.00399311504232121;-0.00439363801472959;-0.00482740266768017;-0.0053873794294124;-0.00566920839714948;-0.00544249289551102;-0.00557003781008453;-0.00621387405438514;-0.00678282400772283;-0.00734652704927463;-0.0077404814702448;-0.0081646682709746;-0.0086396492145279;-0.00912784519289321;-0.00963148142171638;-0.0101539035508069;-0.0107070740375936;-0.011219383012076;-0.0116585625504734;-0.0121217492217334;-0.0126097024725451;-0.0131366782694251;-0.0137103353705451;-0.0143418208014491;-0.0148855068383737;-0.015815447232663;-0.0168859855965109
0.000458497981327105;-0.000569928575753831;-0.0011384367222099;-0.00195304578864335;-0.00284406108236934;-0.00359130243618973;-0.00406536851115896;-0.00447959361302597;-0.00499837646847693;-0.00545772264860598;-0.00538645049027171;-0.00534525676488481;-0.0058904357741418;-0.00646070675357843;-0.00704149620237851;-0.00746205751557591;-0.00785298686383046;-0.00833705919719699;-0.00882730240188564;-0.00932330298139071;-0.00983162436361962;-0.0103743861250105;-0.0108846991943976;-0.0113237367471115;-0.011778674123165;-0.0122658881678175;-0.0128030294793183;-0.0133957899668548;-0.0140267282149919;-0.0146879872659965;-0.0157208334073335;-0.0169184858715458;-0.0179038143341936
0.000276337247904712;-0.000694017880631344;-0.0012851116545247;-0.00215032126001428;-0.00298066178601633;-0.00369496142676362;-0.00414008458652074;-0.00460233889095965;-0.00514492624056402;-0.00530872049486953;-0.00518068613328088;-0.00555706385037027;-0.00613525537258178;-0.00670350983368639;-0.00717317936967689;-0.00754462991726314;-0.00800984490923115;-0.00850702047583396;-0.00900232424745106;-0.00949522744679882;-0.0100225504745812;-0.0105368416412204;-0.0109748033078485;-0.0114322806667682;-0.0119271864047596;-0.0124695515495072;-0.0130884969835511;-0.0137241212853552;-0.0145477468310923;-0.0155517556516249;-0.0168060904109321;-0.017742129153123;-0.0186553239301891
9.29927283495682e-05;-0.000792725932167192;-0.00142606211562969;-0.00234170995428738;-0.00312848798209676;-0.00377470229758884;-0.00421698103623814;-0.00475280163051701;-0.00515798078884875;-0.00509406733859596;-0.00525933085476468;-0.00580849220517509;-0.00636169355002402;-0.00686607014444535;-0.00724262512206744;-0.00767301586495877;-0.0081857896795532;-0.00866655571484926;-0.0091498081196263;-0.0096579082566564;-0.0101792534609486;-0.0106234940216291;-0.0110852454650772;-0.0115885486862679;-0.0121405901148088;-0.0127723631101932;-0.0134640212713343;-0.0143601154152316;-0.0154284314466234;-0.016563123327888;-0.0174499736390549;-0.018275191934173;-0.019295747203667
-9.76346561532282e-05;-0.000898129985213991;-0.00155977296317842;-0.0024910830336777;-0.00325855270064773;-0.0038439263726266;-0.00432316302469446;-0.00486507433129443;-0.00501375087298354;-0.0050294036748789;-0.00545665660099041;-0.00600229705249311;-0.00653261337209519;-0.0069356974230105;-0.00733918735097457;-0.00783913503868743;-0.00832377858503545;-0.00879682693973159;-0.00928701386083829;-0.00981060209589686;-0.010270244551749;-0.0107359195782573;-0.0112510802977044;-0.0118113446755977;-0.012448976330558;-0.0131802546229844;-0.01414302265438;-0.015216485048308;-0.0162242747333672;-0.0171344233259098;-0.0180401831641223;-0.0189256041858263;-0.0198518223346171
-0.000279040601253236;-0.000996950744483846;-0.00171236809842881;-0.00262576239401766;-0.00336544810779083;-0.00391620959804041;-0.00445569884625409;-0.00486499491896332;-0.00487288326546053;-0.00512406137408494;-0.00564370233522026;-0.00617560280041;-0.00662898630040193;-0.00701704546716679;-0.0074834455813764;-0.0079802833738241;-0.00843237347352855;-0.00891641013154042;-0.00942516275371668;-0.0099149798687446;-0.0103800116443961;-0.0109068160976327;-0.0114771066850206;-0.0121208681170517;-0.0128835861545488;-0.0138526203670738;-0.0148984881326162;-0.0158172877237981;-0.0167720928595636;-0.0177582704054601;-0.0185385530452913;-0.0194656835532569;-0.0203886851719937
-0.000440771090843742;-0.00108821539310282;-0.00185681945999056;-0.00273462726909544;-0.00347933808082531;-0.00401023397409305;-0.00456404425732835;-0.00475860240059324;-0.0048598478875468;-0.0052786831029339;-0.00580518758953424;-0.00629808214892588;-0.00669890509749213;-0.00712984259080276;-0.0076223796729764;-0.00807179640736589;-0.00854322599055262;-0.0090396231262368;-0.00955393194727081;-0.0100200119019653;-0.0105558994868598;-0.0111379422139848;-0.0117828120142127;-0.0125675430272331;-0.0135279165162777;-0.0145326820463534;-0.0154431704584027;-0.0164152069724511;-0.0173541868223488;-0.018133547336375;-0.0189162796890543;-0.019903911787785;-0.021077045032851
-0.00058571401814133;-0.00120284140689002;-0.00200640899464952;-0.00284142143793226;-0.00358261864728868;-0.00412465728791824;-0.00458473873018654;-0.00466630397266069;-0.00494490788239205;-0.00543224922917526;-0.00594376686731164;-0.00638068601927113;-0.00678636450391696;-0.00724842165031572;-0.00771611597385709;-0.00816293426299666;-0.00865909380282594;-0.00917769033483611;-0.0096665055412034;-0.0101985476761499;-0.0107845560338207;-0.0114374237640649;-0.0122195858240964;-0.013151561183234;-0.0141387321765814;-0.0150859694453955;-0.0160070484866079;-0.0169528662535463;-0.0175937866191122;-0.0183611963751532;-0.0195026410239803;-0.0207559289122763;-0.0223053416583674
-0.00065056748125604;-0.00126593917259768;-0.00209691810136838;-0.00289728779764691;-0.00362456542314886;-0.00418656277157999;-0.00456447064835773;-0.00464360671154026;-0.00500612661591043;-0.00550920678508194;-0.00601450330893195;-0.00642560514825909;-0.00684383652285964;-0.00730748337206008;-0.00775579075751332;-0.00822044833870846;-0.00872039661479343;-0.00925555237416377;-0.0097199026892264;-0.0103036865828613;-0.0109193293621734;-0.0115924238013093;-0.0124882848853002;-0.0134671491205249;-0.0143613250200019;-0.015398210451396;-0.0163129323840847;-0.0170991262598763;-0.0175276826239144;-0.0186081001784922;-0.0199109951149822;-0.0213720548495178;-0.023005426046173
